date,compound,positive,negative,neutral
2020-01-01,-0.8625,0.0,0.314,0.686
2020-01-01,-0.8625,0.0,0.314,0.686
2020-01-02,0.5574,0.173,0.0,0.827
2020-01-02,0.0,0.0,0.0,1.0
2020-01-02,-0.7184,0.0,0.259,0.741
2020-01-02,-0.3182,0.0,0.076,0.924
2020-01-02,0.296,0.078,0.0,0.922
2020-01-02,0.7717,0.309,0.0,0.691
2020-01-02,0.0,0.0,0.0,1.0
2020-01-02,0.0,0.0,0.0,1.0
2020-01-02,-0.4588,0.0,0.125,0.875
2020-01-02,0.2732,0.091,0.0,0.909
2020-01-03,-0.5267,0.0,0.102,0.898
2020-01-03,0.296,0.104,0.0,0.896
2020-01-03,0.4019,0.114,0.0,0.886
2020-01-03,-0.5859,0.0,0.216,0.784
2020-01-03,0.296,0.091,0.0,0.909
2020-01-03,-0.296,0.0,0.087,0.913
2020-01-03,0.0,0.0,0.0,1.0
2020-01-03,0.2023,0.083,0.051,0.866
2020-01-03,0.0,0.0,0.0,1.0
2020-01-03,-0.0258,0.104,0.108,0.788
2020-01-04,0.0,0.0,0.0,1.0
2020-01-04,-0.4588,0.0,0.103,0.897
2020-01-05,0.296,0.099,0.056,0.845
2020-01-05,0.0,0.0,0.0,1.0
2020-01-06,-0.6908,0.0,0.206,0.794
2020-01-06,0.128,0.064,0.0,0.936
2020-01-06,0.0,0.0,0.0,1.0
2020-01-06,-0.6682,0.0,0.186,0.814
2020-01-06,0.2732,0.075,0.0,0.925
2020-01-06,0.4404,0.127,0.0,0.873
2020-01-06,0.0,0.0,0.0,1.0
2020-01-06,0.0,0.0,0.0,1.0
2020-01-06,0.0,0.0,0.0,1.0
2020-01-06,0.1779,0.091,0.0,0.909
2020-01-06,-0.5106,0.074,0.154,0.772
2020-01-06,0.0,0.0,0.0,1.0
2020-01-07,0.7351,0.265,0.0,0.735
2020-01-07,0.0,0.0,0.0,1.0
2020-01-07,0.4939,0.122,0.0,0.878
2020-01-07,0.0,0.0,0.0,1.0
2020-01-07,0.0,0.0,0.0,1.0
2020-01-07,0.0,0.0,0.0,1.0
2020-01-07,0.0,0.0,0.0,1.0
2020-01-07,-0.3612,0.0,0.094,0.906
2020-01-07,0.0,0.0,0.0,1.0
2020-01-07,0.0,0.0,0.0,1.0
2020-01-08,0.296,0.084,0.0,0.916
2020-01-08,0.0,0.0,0.0,1.0
2020-01-08,0.0,0.0,0.0,1.0
2020-01-08,0.0,0.0,0.0,1.0
2020-01-08,0.25,0.113,0.077,0.81
2020-01-08,0.0,0.0,0.0,1.0
2020-01-08,0.4019,0.172,0.0,0.828
2020-01-09,-0.1027,0.0,0.053,0.947
2020-01-09,0.0,0.0,0.0,1.0
2020-01-09,-0.0772,0.1,0.179,0.722
2020-01-09,0.0,0.0,0.0,1.0
2020-01-09,0.0,0.0,0.0,1.0
2020-01-09,0.0,0.0,0.0,1.0
2020-01-09,-0.3612,0.112,0.169,0.72
2020-01-09,-0.296,0.0,0.071,0.929
2020-01-09,0.0,0.0,0.0,1.0
2020-01-09,0.0,0.0,0.0,1.0
2020-01-09,0.0516,0.099,0.092,0.81
2020-01-09,-0.5106,0.0,0.125,0.875
2020-01-10,0.5994,0.135,0.0,0.865
2020-01-10,0.3182,0.087,0.0,0.913
2020-01-10,-0.6597,0.0,0.173,0.827
2020-01-10,0.5267,0.155,0.0,0.845
2020-01-10,0.3818,0.112,0.065,0.824
2020-01-10,0.3604,0.108,0.053,0.839
2020-01-10,-0.3612,0.0,0.091,0.909
2020-01-10,0.2732,0.072,0.0,0.928
2020-01-10,0.0,0.0,0.0,1.0
2020-01-12,-0.0772,0.0,0.061,0.939
2020-01-12,0.0,0.0,0.0,1.0
2020-01-12,-0.7717,0.0,0.211,0.789
2020-01-13,0.0,0.0,0.0,1.0
2020-01-13,0.6597,0.205,0.0,0.795
2020-01-13,0.5789,0.13,0.0,0.87
2020-01-13,0.25,0.077,0.0,0.923
2020-01-13,-0.6597,0.0,0.15,0.85
2020-01-13,0.0,0.0,0.0,1.0
2020-01-13,0.0,0.0,0.0,1.0
2020-01-13,-0.0772,0.0,0.058,0.942
2020-01-13,0.0,0.0,0.0,1.0
2020-01-14,0.4404,0.108,0.0,0.892
2020-01-14,-0.2263,0.094,0.133,0.773
2020-01-14,0.5994,0.164,0.0,0.836
2020-01-14,0.8126,0.331,0.0,0.669
2020-01-14,0.0,0.0,0.0,1.0
2020-01-14,0.4215,0.109,0.0,0.891
2020-01-14,-0.2732,0.077,0.148,0.774
2020-01-15,0.0,0.0,0.0,1.0
2020-01-15,0.7645,0.231,0.0,0.769
2020-01-15,0.9217,0.441,0.0,0.559
2020-01-15,0.0,0.0,0.0,1.0
2020-01-15,0.0,0.0,0.0,1.0
2020-01-15,0.4767,0.124,0.0,0.876
2020-01-15,0.5859,0.151,0.0,0.849
2020-01-15,0.5106,0.117,0.0,0.883
2020-01-15,0.0,0.0,0.0,1.0
2020-01-15,0.5859,0.156,0.0,0.844
2020-01-15,0.2023,0.099,0.073,0.828
2020-01-15,0.7184,0.24,0.0,0.76
2020-01-15,0.3818,0.102,0.0,0.898
2020-01-15,0.7579,0.236,0.0,0.764
2020-01-16,-0.5106,0.0,0.136,0.864
2020-01-16,0.0,0.0,0.0,1.0
2020-01-16,0.0,0.0,0.0,1.0
2020-01-16,0.0,0.0,0.0,1.0
2020-01-16,0.3818,0.102,0.0,0.898
2020-01-16,0.0,0.0,0.0,1.0
2020-01-16,0.0,0.0,0.0,1.0
2020-01-16,-0.296,0.092,0.127,0.78
2020-01-16,0.2263,0.079,0.0,0.921
2020-01-16,-0.3182,0.0,0.103,0.897
2020-01-16,0.0,0.0,0.0,1.0
2020-01-16,-0.3818,0.093,0.146,0.762
2020-01-16,0.368,0.083,0.0,0.917
2020-01-17,0.0,0.0,0.0,1.0
2020-01-17,0.0,0.0,0.0,1.0
2020-01-17,0.0,0.0,0.0,1.0
2020-01-17,0.4019,0.124,0.0,0.876
2020-01-17,0.4019,0.097,0.0,0.903
2020-01-17,0.2732,0.084,0.0,0.916
2020-01-17,0.886,0.354,0.0,0.646
2020-01-17,0.0,0.0,0.0,1.0
2020-01-19,-0.1027,0.088,0.104,0.808
2020-01-20,0.0,0.0,0.0,1.0
2020-01-20,0.1779,0.072,0.0,0.928
2020-01-20,0.2732,0.077,0.0,0.923
2020-01-21,0.3612,0.098,0.0,0.902
2020-01-21,0.0,0.0,0.0,1.0
2020-01-21,0.0,0.0,0.0,1.0
2020-01-21,0.4215,0.113,0.0,0.887
2020-01-21,-0.2023,0.0,0.065,0.935
2020-01-21,0.0,0.0,0.0,1.0
2020-01-22,0.1779,0.064,0.0,0.936
2020-01-22,0.0,0.0,0.0,1.0
2020-01-22,0.25,0.127,0.09,0.784
2020-01-22,0.8225,0.264,0.0,0.736
2020-01-22,-0.296,0.0,0.075,0.925
2020-01-22,0.6908,0.199,0.0,0.801
2020-01-23,0.4939,0.167,0.0,0.833
2020-01-23,0.0,0.0,0.0,1.0
2020-01-23,0.0,0.0,0.0,1.0
2020-01-23,0.2444,0.21,0.21,0.58
2020-01-23,0.296,0.087,0.0,0.913
2020-01-23,0.2382,0.072,0.0,0.928
2020-01-23,0.5859,0.202,0.0,0.798
2020-01-23,0.3716,0.09,0.04,0.87
2020-01-23,0.0,0.0,0.0,1.0
2020-01-23,0.2263,0.079,0.0,0.921
2020-01-24,-0.0258,0.064,0.067,0.87
2020-01-24,0.0,0.0,0.0,1.0
2020-01-24,0.6249,0.157,0.0,0.843
2020-01-24,-0.3724,0.0,0.086,0.914
2020-01-24,0.128,0.059,0.0,0.941
2020-01-24,0.4767,0.114,0.0,0.886
2020-01-24,0.5106,0.163,0.0,0.837
2020-01-24,0.0,0.0,0.0,1.0
2020-01-24,-0.296,0.072,0.144,0.784
2020-01-24,-0.0772,0.099,0.111,0.791
2020-01-24,0.3612,0.196,0.103,0.701
2020-01-24,0.5574,0.13,0.0,0.87
2020-01-24,0.0,0.0,0.0,1.0
2020-01-24,-0.6908,0.0,0.231,0.769
2020-01-24,-0.25,0.0,0.083,0.917
2020-01-24,0.2263,0.079,0.0,0.921
2020-01-24,0.0,0.0,0.0,1.0
2020-01-24,0.6808,0.203,0.0,0.797
2020-01-25,0.0,0.0,0.0,1.0
2020-01-26,0.5423,0.158,0.0,0.842
2020-01-26,0.0,0.0,0.0,1.0
2020-01-26,0.5719,0.107,0.0,0.893
2020-01-27,0.0,0.0,0.0,1.0
2020-01-27,-0.2732,0.072,0.109,0.819
2020-01-27,-0.296,0.0,0.071,0.929
2020-01-27,0.0,0.0,0.0,1.0
2020-01-27,0.0,0.0,0.0,1.0
2020-01-27,0.0,0.0,0.0,1.0
2020-01-27,0.4767,0.11,0.0,0.89
2020-01-27,0.0,0.0,0.0,1.0
2020-01-28,0.4404,0.097,0.0,0.903
2020-01-28,0.25,0.112,0.074,0.814
2020-01-28,0.2716,0.075,0.0,0.925
2020-01-28,0.4678,0.14,0.063,0.797
2020-01-28,0.296,0.078,0.0,0.922
2020-01-28,-0.0258,0.094,0.097,0.809
2020-01-28,0.0,0.0,0.0,1.0
2020-01-28,0.0,0.0,0.0,1.0
2020-01-28,0.7269,0.215,0.0,0.785
2020-01-28,0.0,0.0,0.0,1.0
2020-01-28,0.0,0.077,0.077,0.845
2020-01-28,-0.4939,0.0,0.167,0.833
2020-01-28,0.5789,0.16,0.0,0.84
2020-01-28,0.0,0.09,0.09,0.82
2020-01-28,-0.3818,0.0,0.102,0.898
2020-01-28,0.0,0.0,0.0,1.0
2020-01-28,-0.25,0.075,0.109,0.816
2020-01-28,0.4939,0.11,0.0,0.89
2020-01-28,0.0,0.0,0.0,1.0
2020-01-28,0.0,0.0,0.0,1.0
2020-01-28,0.296,0.078,0.0,0.922
2020-01-28,0.7096,0.239,0.0,0.761
2020-01-28,0.4728,0.128,0.0,0.872
2020-01-28,-0.0258,0.09,0.094,0.816
2020-01-29,0.4767,0.151,0.0,0.849
2020-01-29,-0.2732,0.0,0.11,0.89
2020-01-29,0.3818,0.094,0.0,0.906
2020-01-29,0.0,0.0,0.0,1.0
2020-01-29,0.0,0.0,0.0,1.0
2020-01-29,0.25,0.071,0.0,0.929
2020-01-29,0.5859,0.211,0.0,0.789
2020-01-29,-0.2815,0.083,0.144,0.773
2020-01-29,-0.5423,0.0,0.115,0.885
2020-01-29,0.0,0.0,0.0,1.0
2020-01-29,0.4767,0.134,0.0,0.866
2020-01-29,0.0,0.0,0.0,1.0
2020-01-29,0.8316,0.26,0.0,0.74
2020-01-29,0.4215,0.104,0.0,0.896
2020-01-30,0.34,0.085,0.0,0.915
2020-01-30,0.5106,0.204,0.079,0.717
2020-01-30,-0.6597,0.0,0.18,0.82
2020-01-30,0.0,0.0,0.0,1.0
2020-01-30,0.0,0.0,0.0,1.0
2020-01-30,0.6808,0.223,0.0,0.777
2020-01-30,-0.3182,0.105,0.149,0.746
2020-01-31,0.802,0.301,0.0,0.699
2020-01-31,0.6369,0.174,0.0,0.826
2020-01-31,0.4215,0.113,0.0,0.887
2020-01-31,0.25,0.091,0.0,0.909
2020-01-31,-0.4404,0.0,0.1,0.9
2020-01-31,0.5267,0.173,0.0,0.827
2020-01-31,0.0,0.0,0.0,1.0
2020-01-31,0.5267,0.209,0.082,0.709
2020-01-31,0.2263,0.073,0.0,0.927
2020-01-31,0.0,0.0,0.0,1.0
2020-01-31,0.128,0.071,0.055,0.874
2020-01-31,-0.3071,0.0,0.124,0.876
2020-01-31,0.0,0.0,0.0,1.0
2020-01-31,-0.1027,0.0,0.06,0.94
2020-01-31,-0.6124,0.0,0.208,0.792
2020-01-31,0.2263,0.079,0.0,0.921
2020-02-01,0.2023,0.128,0.101,0.772
2020-02-01,-0.296,0.0,0.075,0.925
2020-02-01,0.0,0.0,0.0,1.0
2020-02-02,0.2732,0.077,0.0,0.923
2020-02-02,-0.1027,0.088,0.104,0.808
2020-02-03,0.2263,0.132,0.099,0.769
2020-02-03,0.0,0.0,0.0,1.0
2020-02-03,-0.296,0.0,0.087,0.913
2020-02-03,0.7096,0.211,0.0,0.789
2020-02-03,-0.4019,0.0,0.114,0.886
2020-02-03,0.5574,0.141,0.0,0.859
2020-02-03,0.0,0.0,0.0,1.0
2020-02-03,0.0,0.0,0.0,1.0
2020-02-03,0.3182,0.087,0.0,0.913
2020-02-03,0.0,0.0,0.0,1.0
2020-02-03,0.2263,0.079,0.0,0.921
2020-02-04,0.4939,0.149,0.0,0.851
2020-02-04,0.7469,0.287,0.074,0.639
2020-02-04,0.0,0.0,0.0,1.0
2020-02-04,-0.6105,0.099,0.251,0.65
2020-02-04,0.0,0.0,0.0,1.0
2020-02-04,-0.3818,0.0,0.094,0.906
2020-02-04,0.0,0.0,0.0,1.0
2020-02-04,0.4767,0.11,0.0,0.89
2020-02-04,0.3182,0.084,0.0,0.916
2020-02-04,0.0,0.0,0.0,1.0
2020-02-04,0.296,0.081,0.0,0.919
2020-02-04,0.0,0.0,0.0,1.0
2020-02-04,0.0,0.0,0.0,1.0
2020-02-04,0.34,0.091,0.0,0.909
2020-02-05,0.3818,0.094,0.0,0.906
2020-02-05,-0.5423,0.063,0.145,0.792
2020-02-05,0.0,0.0,0.0,1.0
2020-02-05,-0.1027,0.0,0.048,0.952
2020-02-05,0.0,0.0,0.0,1.0
2020-02-05,-0.2263,0.0,0.076,0.924
2020-02-05,0.4215,0.113,0.0,0.887
2020-02-05,0.5106,0.142,0.0,0.858
2020-02-05,0.0,0.0,0.0,1.0
2020-02-05,0.296,0.075,0.0,0.925
2020-02-05,0.128,0.07,0.0,0.93
2020-02-05,-0.1531,0.114,0.138,0.748
2020-02-06,0.0,0.0,0.0,1.0
2020-02-06,0.8519,0.297,0.0,0.703
2020-02-06,0.0,0.0,0.0,1.0
2020-02-06,0.0,0.0,0.0,1.0
2020-02-06,-0.0516,0.056,0.062,0.882
2020-02-06,0.0,0.0,0.0,1.0
2020-02-06,0.5574,0.155,0.0,0.845
2020-02-06,0.3182,0.103,0.0,0.897
2020-02-06,-0.1027,0.215,0.226,0.559
2020-02-06,0.0,0.0,0.0,1.0
2020-02-06,-0.296,0.0,0.075,0.925
2020-02-06,-0.0772,0.107,0.117,0.777
2020-02-06,0.0,0.0,0.0,1.0
2020-02-06,0.4215,0.113,0.0,0.887
2020-02-06,0.0258,0.042,0.0,0.958
2020-02-06,0.0,0.0,0.0,1.0
2020-02-06,0.0,0.0,0.0,1.0
2020-02-06,0.4939,0.113,0.0,0.887
2020-02-06,0.1531,0.108,0.085,0.808
2020-02-07,0.6908,0.289,0.0,0.711
2020-02-07,0.0,0.0,0.0,1.0
2020-02-07,0.5267,0.167,0.051,0.782
2020-02-07,0.0,0.0,0.0,1.0
2020-02-07,0.1531,0.085,0.065,0.85
2020-02-07,0.0772,0.048,0.0,0.952
2020-02-07,-0.296,0.0,0.075,0.925
2020-02-07,0.4588,0.136,0.0,0.864
2020-02-07,0.4019,0.124,0.0,0.876
2020-02-07,-0.4019,0.0,0.109,0.891
2020-02-07,-0.4215,0.0,0.142,0.858
2020-02-07,-0.2263,0.0,0.101,0.899
2020-02-08,-0.3182,0.095,0.178,0.727
2020-02-09,0.4019,0.124,0.0,0.876
2020-02-10,0.0,0.0,0.0,1.0
2020-02-10,0.4019,0.15,0.0,0.85
2020-02-10,0.3182,0.087,0.0,0.913
2020-02-10,0.0,0.0,0.0,1.0
2020-02-10,0.0,0.0,0.0,1.0
2020-02-10,0.0,0.0,0.0,1.0
2020-02-10,0.5106,0.142,0.0,0.858
2020-02-10,0.7003,0.182,0.0,0.818
2020-02-10,0.0,0.0,0.0,1.0
2020-02-10,0.4215,0.104,0.0,0.896
2020-02-10,0.0,0.0,0.0,1.0
2020-02-10,0.0,0.0,0.0,1.0
2020-02-10,0.0303,0.087,0.083,0.83
2020-02-10,0.0,0.0,0.0,1.0
2020-02-10,0.296,0.104,0.0,0.896
2020-02-10,-0.296,0.0,0.087,0.913
2020-02-11,-0.5994,0.056,0.164,0.781
2020-02-11,0.3612,0.107,0.05,0.843
2020-02-11,0.4939,0.113,0.0,0.887
2020-02-11,0.296,0.081,0.0,0.919
2020-02-11,0.5574,0.155,0.0,0.845
2020-02-11,0.0,0.0,0.0,1.0
2020-02-11,0.0,0.0,0.0,1.0
2020-02-11,0.5574,0.167,0.0,0.833
2020-02-11,0.0,0.08,0.08,0.839
2020-02-11,0.0,0.0,0.0,1.0
2020-02-11,0.0,0.0,0.0,1.0
2020-02-11,0.0,0.0,0.0,1.0
2020-02-11,0.0516,0.192,0.186,0.621
2020-02-11,0.6808,0.196,0.0,0.804
2020-02-11,0.0,0.0,0.0,1.0
2020-02-11,0.0,0.0,0.0,1.0
2020-02-11,0.0,0.0,0.0,1.0
2020-02-11,0.2023,0.073,0.0,0.927
2020-02-11,0.743,0.289,0.0,0.711
2020-02-11,0.0,0.0,0.0,1.0
2020-02-11,0.4588,0.16,0.0,0.84
2020-02-11,0.4705,0.135,0.0,0.865
2020-02-11,0.0,0.0,0.0,1.0
2020-02-11,-0.4215,0.0,0.128,0.872
2020-02-11,-0.4588,0.0,0.125,0.875
2020-02-12,-0.1779,0.151,0.141,0.707
2020-02-12,0.5473,0.128,0.0,0.872
2020-02-12,0.3612,0.103,0.056,0.841
2020-02-12,0.0,0.0,0.0,1.0
2020-02-12,0.0,0.0,0.0,1.0
2020-02-12,-0.2516,0.08,0.115,0.804
2020-02-12,0.5423,0.184,0.0,0.816
2020-02-12,0.0,0.0,0.0,1.0
2020-02-12,0.0,0.0,0.0,1.0
2020-02-13,-0.4767,0.0,0.129,0.871
2020-02-13,-0.2185,0.126,0.158,0.716
2020-02-13,0.5574,0.195,0.0,0.805
2020-02-13,0.0,0.0,0.0,1.0
2020-02-13,0.0,0.0,0.0,1.0
2020-02-13,-0.5719,0.109,0.231,0.66
2020-02-13,0.8834,0.425,0.076,0.499
2020-02-13,0.7096,0.211,0.0,0.789
2020-02-14,0.0,0.0,0.0,1.0
2020-02-14,0.0,0.0,0.0,1.0
2020-02-14,0.25,0.233,0.138,0.629
2020-02-14,0.0,0.0,0.0,1.0
2020-02-14,0.5106,0.137,0.0,0.863
2020-02-14,0.296,0.071,0.0,0.929
2020-02-14,0.0,0.0,0.0,1.0
2020-02-14,0.0,0.0,0.0,1.0
2020-02-14,-0.0284,0.087,0.091,0.822
2020-02-14,0.4019,0.109,0.0,0.891
2020-02-14,0.0,0.0,0.0,1.0
2020-02-15,0.0,0.0,0.0,1.0
2020-02-16,0.3612,0.091,0.0,0.909
2020-02-17,0.0,0.0,0.0,1.0
2020-02-17,-0.0258,0.111,0.081,0.808
2020-02-17,0.5994,0.212,0.053,0.735
2020-02-17,-0.1531,0.226,0.208,0.566
2020-02-17,-0.8402,0.0,0.242,0.758
2020-02-17,-0.3818,0.099,0.156,0.745
2020-02-17,-0.1779,0.051,0.074,0.875
2020-02-17,-0.296,0.0,0.104,0.896
2020-02-17,0.34,0.072,0.0,0.928
2020-02-18,0.0,0.0,0.0,1.0
2020-02-18,0.4215,0.141,0.0,0.859
2020-02-18,0.0,0.0,0.0,1.0
2020-02-18,0.0,0.0,0.0,1.0
2020-02-18,0.4215,0.128,0.0,0.872
2020-02-18,0.4728,0.106,0.0,0.894
2020-02-18,0.3182,0.084,0.0,0.916
2020-02-18,0.4404,0.1,0.0,0.9
2020-02-18,0.3612,0.102,0.0,0.898
2020-02-18,0.5719,0.176,0.0,0.824
2020-02-18,0.4215,0.123,0.0,0.877
2020-02-18,0.0,0.0,0.0,1.0
2020-02-18,0.4767,0.129,0.0,0.871
2020-02-18,-0.2732,0.0,0.077,0.923
2020-02-19,0.0,0.0,0.0,1.0
2020-02-19,0.0,0.0,0.0,1.0
2020-02-19,0.0,0.0,0.0,1.0
2020-02-19,0.0,0.0,0.0,1.0
2020-02-19,0.4404,0.112,0.0,0.888
2020-02-19,0.1263,0.193,0.176,0.631
2020-02-19,-0.128,0.087,0.132,0.781
2020-02-19,0.296,0.071,0.0,0.929
2020-02-19,0.4278,0.114,0.047,0.838
2020-02-19,0.0,0.0,0.0,1.0
2020-02-19,0.0,0.0,0.0,1.0
2020-02-19,0.0,0.0,0.0,1.0
2020-02-20,0.0,0.0,0.0,1.0
2020-02-20,0.4767,0.114,0.0,0.886
2020-02-20,0.4215,0.118,0.0,0.882
2020-02-20,0.5106,0.177,0.0,0.823
2020-02-20,0.6808,0.196,0.0,0.804
2020-02-20,0.0,0.0,0.0,1.0
2020-02-20,-0.0516,0.0,0.052,0.948
2020-02-20,0.3612,0.1,0.046,0.854
2020-02-20,0.0,0.0,0.0,1.0
2020-02-20,0.0,0.0,0.0,1.0
2020-02-20,0.2023,0.062,0.0,0.938
2020-02-20,-0.2263,0.0,0.112,0.888
2020-02-20,-0.2263,0.108,0.176,0.717
2020-02-20,0.5106,0.142,0.0,0.858
2020-02-20,0.0,0.0,0.0,1.0
2020-02-20,0.0,0.0,0.0,1.0
2020-02-20,0.0,0.0,0.0,1.0
2020-02-20,0.4588,0.125,0.0,0.875
2020-02-20,0.7579,0.283,0.0,0.717
2020-02-21,0.0,0.0,0.0,1.0
2020-02-21,0.0,0.0,0.0,1.0
2020-02-21,0.2023,0.087,0.0,0.913
2020-02-21,0.4215,0.097,0.0,0.903
2020-02-21,-0.296,0.0,0.091,0.909
2020-02-21,0.0,0.0,0.0,1.0
2020-02-22,-0.4939,0.0,0.113,0.887
2020-02-23,0.1779,0.069,0.0,0.931
2020-02-23,0.3645,0.197,0.091,0.712
2020-02-24,0.0258,0.042,0.0,0.958
2020-02-24,0.2732,0.077,0.0,0.923
2020-02-24,0.7003,0.209,0.0,0.791
2020-02-24,0.0,0.0,0.0,1.0
2020-02-24,0.0,0.0,0.0,1.0
2020-02-24,0.1779,0.054,0.0,0.946
2020-02-24,0.0,0.0,0.0,1.0
2020-02-24,0.0,0.0,0.0,1.0
2020-02-24,0.0,0.0,0.0,1.0
2020-02-24,0.7096,0.211,0.0,0.789
2020-02-24,0.4019,0.124,0.0,0.876
2020-02-24,0.0,0.0,0.0,1.0
2020-02-24,0.2263,0.079,0.0,0.921
2020-02-24,-0.1548,0.0,0.103,0.897
2020-02-25,0.0,0.0,0.0,1.0
2020-02-25,-0.7783,0.0,0.271,0.729
2020-02-25,0.4767,0.163,0.0,0.837
2020-02-25,0.0,0.0,0.0,1.0
2020-02-25,0.0,0.0,0.0,1.0
2020-02-25,0.128,0.059,0.0,0.941
2020-02-25,0.0,0.0,0.0,1.0
2020-02-25,0.0,0.0,0.0,1.0
2020-02-25,0.2263,0.079,0.0,0.921
2020-02-26,0.7579,0.246,0.0,0.754
2020-02-26,-0.5574,0.0,0.146,0.854
2020-02-26,0.3182,0.087,0.0,0.913
2020-02-26,0.6486,0.194,0.0,0.806
2020-02-26,-0.4588,0.0,0.154,0.846
2020-02-26,0.8126,0.281,0.042,0.677
2020-02-26,-0.4215,0.042,0.112,0.846
2020-02-26,0.0,0.0,0.0,1.0
2020-02-26,0.296,0.068,0.0,0.932
2020-02-26,0.0,0.0,0.0,1.0
2020-02-26,0.0,0.0,0.0,1.0
2020-02-26,0.2732,0.091,0.0,0.909
2020-02-26,0.0,0.0,0.0,1.0
2020-02-26,0.2263,0.079,0.0,0.921
2020-02-26,-0.3612,0.0,0.094,0.906
2020-02-26,0.2023,0.065,0.0,0.935
2020-02-27,0.34,0.094,0.0,0.906
2020-02-27,0.4215,0.142,0.0,0.858
2020-02-27,0.5106,0.136,0.0,0.864
2020-02-27,-0.5574,0.0,0.167,0.833
2020-02-27,0.0,0.0,0.0,1.0
2020-02-27,0.4404,0.104,0.0,0.896
2020-02-27,0.6249,0.24,0.083,0.677
2020-02-27,-0.2263,0.0,0.087,0.913
2020-02-27,0.128,0.067,0.0,0.933
2020-02-27,0.2023,0.073,0.0,0.927
2020-02-27,0.0,0.0,0.0,1.0
2020-02-27,0.0,0.0,0.0,1.0
2020-02-27,-0.6597,0.0,0.161,0.839
2020-02-27,0.0,0.0,0.0,1.0
2020-02-27,0.0,0.0,0.0,1.0
2020-02-27,0.128,0.067,0.0,0.933
2020-02-27,0.5574,0.13,0.0,0.87
2020-02-27,0.0,0.0,0.0,1.0
2020-02-27,0.128,0.115,0.097,0.789
2020-02-27,0.4019,0.124,0.0,0.876
2020-02-27,-0.2023,0.0,0.065,0.935
2020-02-27,0.2263,0.079,0.0,0.921
2020-02-27,0.0516,0.062,0.0,0.938
2020-02-28,0.5859,0.194,0.0,0.806
2020-02-28,0.4172,0.088,0.036,0.877
2020-02-28,-0.3818,0.0,0.098,0.902
2020-02-28,0.0,0.0,0.0,1.0
2020-02-28,0.0,0.0,0.0,1.0
2020-02-28,0.3182,0.087,0.0,0.913
2020-02-28,0.4215,0.109,0.0,0.891
2020-02-28,0.4019,0.162,0.0,0.838
2020-03-01,0.5859,0.161,0.0,0.839
2020-03-01,0.0,0.0,0.0,1.0
2020-03-02,0.0772,0.049,0.0,0.951
2020-03-02,0.0,0.0,0.0,1.0
2020-03-02,0.5267,0.155,0.0,0.845
2020-03-02,0.1531,0.091,0.0,0.909
2020-03-02,0.0,0.0,0.0,1.0
2020-03-02,0.4767,0.11,0.0,0.89
2020-03-02,0.0,0.0,0.0,1.0
2020-03-02,0.0,0.0,0.0,1.0
2020-03-02,0.4215,0.113,0.0,0.887
2020-03-02,0.3182,0.091,0.0,0.909
2020-03-02,0.0,0.0,0.0,1.0
2020-03-03,0.5719,0.144,0.0,0.856
2020-03-03,0.0,0.0,0.0,1.0
2020-03-03,0.0,0.0,0.0,1.0
2020-03-03,0.6705,0.208,0.0,0.792
2020-03-03,0.0,0.0,0.0,1.0
2020-03-03,0.0,0.0,0.0,1.0
2020-03-03,0.2732,0.087,0.0,0.913
2020-03-03,0.5719,0.148,0.0,0.852
2020-03-03,0.6486,0.187,0.063,0.749
2020-03-04,0.0,0.0,0.0,1.0
2020-03-04,0.2748,0.07,0.0,0.93
2020-03-04,0.5267,0.18,0.0,0.82
2020-03-04,0.1027,0.055,0.0,0.945
2020-03-04,-0.3182,0.0,0.121,0.879
2020-03-04,0.0,0.0,0.0,1.0
2020-03-04,0.296,0.091,0.0,0.909
2020-03-04,0.0,0.0,0.0,1.0
2020-03-04,0.2263,0.105,0.071,0.824
2020-03-04,0.0,0.0,0.0,1.0
2020-03-04,0.1779,0.066,0.0,0.934
2020-03-05,0.0,0.0,0.0,1.0
2020-03-05,0.5574,0.217,0.075,0.709
2020-03-05,0.0,0.0,0.0,1.0
2020-03-05,0.7506,0.243,0.0,0.757
2020-03-05,0.0,0.0,0.0,1.0
2020-03-05,0.0,0.0,0.0,1.0
2020-03-06,0.296,0.084,0.0,0.916
2020-03-06,0.802,0.247,0.0,0.753
2020-03-06,0.4215,0.094,0.0,0.906
2020-03-06,0.0,0.0,0.0,1.0
2020-03-08,-0.6059,0.0,0.184,0.816
2020-03-08,0.3182,0.073,0.0,0.927
2020-03-08,0.0,0.0,0.0,1.0
2020-03-08,0.5267,0.15,0.0,0.85
2020-03-09,0.1531,0.058,0.0,0.942
2020-03-09,0.0,0.0,0.0,1.0
2020-03-09,0.2023,0.065,0.0,0.935
2020-03-09,0.2716,0.083,0.0,0.917
2020-03-09,0.2382,0.075,0.0,0.925
2020-03-09,0.6808,0.259,0.0,0.741
2020-03-09,-0.0772,0.0,0.051,0.949
2020-03-10,0.0,0.0,0.0,1.0
2020-03-10,0.2023,0.073,0.0,0.927
2020-03-10,0.5106,0.121,0.0,0.879
2020-03-10,0.7089,0.288,0.0,0.712
2020-03-10,0.5106,0.168,0.067,0.765
2020-03-10,-0.296,0.105,0.14,0.756
2020-03-10,0.0,0.0,0.0,1.0
2020-03-10,0.0,0.0,0.0,1.0
2020-03-10,0.0,0.0,0.0,1.0
2020-03-10,0.0,0.0,0.0,1.0
2020-03-10,0.0,0.0,0.0,1.0
2020-03-10,0.0,0.0,0.0,1.0
2020-03-11,0.4019,0.094,0.0,0.906
2020-03-11,0.4939,0.122,0.0,0.878
2020-03-11,0.0,0.0,0.0,1.0
2020-03-11,0.3818,0.088,0.0,0.912
2020-03-11,0.0,0.0,0.0,1.0
2020-03-11,0.2023,0.067,0.0,0.933
2020-03-11,0.0,0.0,0.0,1.0
2020-03-11,-0.3818,0.0,0.12,0.88
2020-03-11,0.2263,0.079,0.0,0.921
2020-03-12,0.4824,0.115,0.0,0.885
2020-03-12,0.2023,0.073,0.0,0.927
2020-03-12,0.2617,0.08,0.048,0.872
2020-03-12,0.0,0.0,0.0,1.0
2020-03-12,0.4019,0.114,0.0,0.886
2020-03-12,0.0258,0.046,0.0,0.954
2020-03-12,0.3182,0.099,0.0,0.901
2020-03-12,-0.2263,0.061,0.092,0.847
2020-03-12,0.0,0.0,0.0,1.0
2020-03-12,0.0,0.0,0.0,1.0
2020-03-12,0.0,0.0,0.0,1.0
2020-03-13,0.34,0.091,0.0,0.909
2020-03-13,-0.296,0.0,0.087,0.913
2020-03-13,0.0,0.0,0.0,1.0
2020-03-13,0.0,0.0,0.0,1.0
2020-03-13,0.0,0.0,0.0,1.0
2020-03-13,-0.296,0.0,0.087,0.913
2020-03-13,-0.3612,0.0,0.098,0.902
2020-03-13,0.5994,0.145,0.0,0.855
2020-03-13,0.0,0.0,0.0,1.0
2020-03-13,0.0,0.0,0.0,1.0
2020-03-13,0.34,0.103,0.0,0.897
2020-03-13,0.0,0.0,0.0,1.0
2020-03-13,-0.4588,0.0,0.125,0.875
2020-03-14,0.0,0.0,0.0,1.0
2020-03-14,0.802,0.326,0.0,0.674
2020-03-15,0.0,0.0,0.0,1.0
2020-03-15,0.0,0.0,0.0,1.0
2020-03-16,0.0,0.0,0.0,1.0
2020-03-16,0.7269,0.244,0.0,0.756
2020-03-16,-0.1091,0.067,0.08,0.853
2020-03-16,-0.7269,0.081,0.223,0.696
2020-03-16,0.0258,0.103,0.099,0.798
2020-03-16,-0.4215,0.113,0.223,0.664
2020-03-16,0.0,0.0,0.0,1.0
2020-03-16,0.0,0.0,0.0,1.0
2020-03-16,0.6124,0.171,0.0,0.829
2020-03-16,0.2732,0.1,0.0,0.9
2020-03-16,0.0,0.0,0.0,1.0
2020-03-16,0.0,0.0,0.0,1.0
2020-03-16,0.0,0.0,0.0,1.0
2020-03-17,0.0,0.0,0.0,1.0
2020-03-17,0.296,0.087,0.0,0.913
2020-03-17,0.4939,0.144,0.0,0.856
2020-03-17,0.1027,0.053,0.0,0.947
2020-03-17,0.5859,0.151,0.0,0.849
2020-03-17,0.0,0.0,0.0,1.0
2020-03-17,0.0258,0.078,0.074,0.848
2020-03-17,-0.4215,0.079,0.135,0.786
2020-03-17,0.0,0.0,0.0,1.0
2020-03-17,-0.3818,0.0,0.098,0.902
2020-03-17,0.3254,0.104,0.0,0.896
2020-03-17,0.0,0.0,0.0,1.0
2020-03-17,0.296,0.091,0.0,0.909
2020-03-17,-0.1027,0.067,0.079,0.854
2020-03-17,-0.3818,0.0,0.098,0.902
2020-03-17,0.4215,0.104,0.0,0.896
2020-03-17,0.0,0.0,0.0,1.0
2020-03-17,0.34,0.094,0.0,0.906
2020-03-17,0.2382,0.075,0.0,0.925
2020-03-17,-0.6369,0.0,0.224,0.776
2020-03-17,0.5106,0.13,0.0,0.87
2020-03-17,0.1779,0.123,0.097,0.781
2020-03-17,0.6808,0.268,0.0,0.732
2020-03-18,0.5106,0.207,0.091,0.702
2020-03-18,0.0,0.0,0.0,1.0
2020-03-18,-0.1531,0.0,0.11,0.89
2020-03-18,0.4215,0.109,0.0,0.891
2020-03-18,-0.0772,0.0,0.049,0.951
2020-03-18,0.0,0.0,0.0,1.0
2020-03-18,-0.1531,0.0,0.115,0.885
2020-03-18,0.0,0.0,0.0,1.0
2020-03-18,0.296,0.081,0.0,0.919
2020-03-18,0.0,0.0,0.0,1.0
2020-03-18,-0.7003,0.0,0.188,0.812
2020-03-18,0.0772,0.049,0.0,0.951
2020-03-18,-0.6369,0.065,0.19,0.744
2020-03-18,-0.4767,0.0,0.124,0.876
2020-03-19,0.4215,0.113,0.0,0.887
2020-03-19,-0.4404,0.0,0.151,0.849
2020-03-19,0.0,0.0,0.0,1.0
2020-03-19,0.4019,0.091,0.0,0.909
2020-03-19,0.0,0.0,0.0,1.0
2020-03-19,-0.7783,0.0,0.207,0.793
2020-03-19,0.6447,0.23,0.0,0.77
2020-03-19,0.2023,0.076,0.0,0.924
2020-03-19,0.296,0.071,0.0,0.929
2020-03-19,0.7351,0.237,0.0,0.763
2020-03-19,-0.3818,0.0,0.115,0.885
2020-03-19,0.7351,0.237,0.0,0.763
2020-03-19,0.0,0.0,0.0,1.0
2020-03-20,0.5719,0.178,0.06,0.762
2020-03-20,-0.1154,0.097,0.112,0.791
2020-03-20,0.4767,0.091,0.0,0.909
2020-03-20,0.2263,0.083,0.0,0.917
2020-03-20,0.5859,0.173,0.0,0.827
2020-03-20,0.0,0.0,0.0,1.0
2020-03-20,0.0,0.0,0.0,1.0
2020-03-20,0.4939,0.138,0.0,0.862
2020-03-20,0.0,0.0,0.0,1.0
2020-03-20,0.5106,0.142,0.0,0.858
2020-03-20,0.0,0.0,0.0,1.0
2020-03-20,0.0,0.0,0.0,1.0
2020-03-20,0.2263,0.079,0.0,0.921
2020-03-20,0.0,0.0,0.0,1.0
2020-03-20,-0.3818,0.0,0.098,0.902
2020-03-21,0.9509,0.512,0.0,0.488
2020-03-21,0.4215,0.109,0.0,0.891
2020-03-21,-0.5106,0.079,0.216,0.705
2020-03-22,0.0,0.0,0.0,1.0
2020-03-22,0.0,0.0,0.0,1.0
2020-03-23,-0.1531,0.0,0.056,0.944
2020-03-23,0.0,0.0,0.0,1.0
2020-03-23,0.7096,0.228,0.0,0.772
2020-03-23,0.0,0.0,0.0,1.0
2020-03-23,0.0,0.0,0.0,1.0
2020-03-23,0.3612,0.128,0.0,0.872
2020-03-23,-0.1027,0.088,0.104,0.808
2020-03-24,0.0,0.0,0.0,1.0
2020-03-24,0.4215,0.109,0.0,0.891
2020-03-24,-0.5423,0.0,0.148,0.852
2020-03-24,-0.0258,0.0,0.046,0.954
2020-03-24,0.0,0.0,0.0,1.0
2020-03-24,0.4215,0.109,0.0,0.891
2020-03-24,0.4215,0.109,0.0,0.891
2020-03-24,0.2732,0.077,0.0,0.923
2020-03-24,-0.2263,0.057,0.093,0.85
2020-03-24,-0.3818,0.0,0.126,0.874
2020-03-25,0.4215,0.104,0.0,0.896
2020-03-25,0.0,0.0,0.0,1.0
2020-03-25,0.0,0.0,0.0,1.0
2020-03-25,0.0,0.0,0.0,1.0
2020-03-25,0.0,0.0,0.0,1.0
2020-03-25,0.0,0.0,0.0,1.0
2020-03-25,0.4019,0.097,0.0,0.903
2020-03-25,0.0,0.0,0.0,1.0
2020-03-25,0.0,0.0,0.0,1.0
2020-03-25,0.4215,0.113,0.0,0.887
2020-03-25,0.296,0.078,0.0,0.922
2020-03-26,0.0,0.0,0.0,1.0
2020-03-26,0.2023,0.102,0.071,0.827
2020-03-26,0.0516,0.081,0.074,0.846
2020-03-26,-0.296,0.0,0.099,0.901
2020-03-26,0.0,0.0,0.0,1.0
2020-03-26,0.0516,0.072,0.066,0.862
2020-03-26,0.8316,0.268,0.0,0.732
2020-03-27,0.7579,0.283,0.0,0.717
2020-03-27,0.0,0.0,0.0,1.0
2020-03-27,-0.0772,0.0,0.058,0.942
2020-03-27,0.0,0.0,0.0,1.0
2020-03-27,0.0772,0.056,0.0,0.944
2020-03-27,0.0,0.0,0.0,1.0
2020-03-27,-0.296,0.105,0.144,0.752
2020-03-27,0.0,0.0,0.0,1.0
2020-03-27,0.0,0.0,0.0,1.0
2020-03-27,0.0,0.0,0.0,1.0
2020-03-27,0.0,0.0,0.0,1.0
2020-03-27,0.0,0.0,0.0,1.0
2020-03-27,0.0,0.0,0.0,1.0
2020-03-27,0.7579,0.254,0.0,0.746
2020-03-27,0.296,0.084,0.0,0.916
2020-03-27,-0.296,0.0,0.095,0.905
2020-03-29,0.4767,0.154,0.0,0.846
2020-03-29,0.4588,0.148,0.0,0.852
2020-03-30,0.0,0.0,0.0,1.0
2020-03-30,0.0,0.0,0.0,1.0
2020-03-30,0.5719,0.202,0.081,0.717
2020-03-30,0.0,0.0,0.0,1.0
2020-03-30,0.7579,0.27,0.061,0.669
2020-03-30,0.4019,0.13,0.0,0.87
2020-03-30,0.0,0.0,0.0,1.0
2020-03-30,0.0,0.0,0.0,1.0
2020-03-30,-0.1531,0.0,0.078,0.922
2020-03-30,0.3182,0.166,0.088,0.746
2020-03-30,0.4019,0.091,0.0,0.909
2020-03-30,-0.4588,0.068,0.176,0.755
2020-03-30,0.0,0.0,0.0,1.0
2020-03-30,0.0772,0.058,0.0,0.942
2020-03-31,0.296,0.078,0.0,0.922
2020-03-31,-0.34,0.0,0.103,0.897
2020-03-31,0.8126,0.209,0.0,0.791
2020-03-31,0.0,0.0,0.0,1.0
2020-03-31,-0.1027,0.0,0.053,0.947
2020-04-01,0.25,0.091,0.0,0.909
2020-04-01,-0.34,0.0,0.079,0.921
2020-04-01,0.2732,0.114,0.0,0.886
2020-04-01,-0.6705,0.0,0.2,0.8
2020-04-01,0.0,0.0,0.0,1.0
2020-04-01,-0.4767,0.089,0.195,0.717
2020-04-01,0.4019,0.109,0.0,0.891
2020-04-01,0.6166,0.192,0.0,0.808
2020-04-01,0.0,0.0,0.0,1.0
2020-04-01,-0.3818,0.0,0.126,0.874
2020-04-01,0.368,0.099,0.0,0.901
2020-04-02,0.4215,0.141,0.0,0.859
2020-04-02,0.0,0.0,0.0,1.0
2020-04-02,-0.128,0.0,0.059,0.941
2020-04-02,0.5473,0.157,0.0,0.843
2020-04-02,0.0,0.0,0.0,1.0
2020-04-02,0.0,0.0,0.0,1.0
2020-04-02,0.0,0.0,0.0,1.0
2020-04-02,0.631,0.147,0.0,0.853
2020-04-02,-0.1979,0.078,0.144,0.778
2020-04-03,0.4215,0.135,0.0,0.865
2020-04-03,-0.2023,0.0,0.079,0.921
2020-04-03,0.5719,0.164,0.0,0.836
2020-04-03,0.0,0.0,0.0,1.0
2020-04-03,-0.1779,0.0,0.061,0.939
2020-04-03,-0.34,0.0,0.088,0.912
2020-04-03,0.0,0.0,0.0,1.0
2020-04-03,0.2732,0.087,0.0,0.913
2020-04-06,0.6597,0.276,0.08,0.644
2020-04-06,0.1779,0.1,0.071,0.83
2020-04-06,0.8442,0.252,0.0,0.748
2020-04-06,0.7003,0.234,0.0,0.766
2020-04-06,-0.34,0.0,0.076,0.924
2020-04-06,0.0,0.0,0.0,1.0
2020-04-06,0.5719,0.207,0.0,0.793
2020-04-06,0.0,0.0,0.0,1.0
2020-04-07,-0.3291,0.048,0.093,0.86
2020-04-07,0.0,0.0,0.0,1.0
2020-04-07,0.0,0.0,0.0,1.0
2020-04-07,0.0,0.0,0.0,1.0
2020-04-07,0.0516,0.148,0.142,0.71
2020-04-07,0.8625,0.324,0.0,0.676
2020-04-07,0.5267,0.108,0.0,0.892
2020-04-07,0.4588,0.143,0.0,0.857
2020-04-07,-0.3818,0.0,0.12,0.88
2020-04-07,0.0,0.0,0.0,1.0
2020-04-08,0.4767,0.163,0.0,0.837
2020-04-08,0.4215,0.094,0.0,0.906
2020-04-08,0.0,0.0,0.0,1.0
2020-04-08,0.0,0.0,0.0,1.0
2020-04-08,0.4588,0.115,0.0,0.885
2020-04-08,-0.3818,0.069,0.15,0.781
2020-04-08,0.128,0.061,0.0,0.939
2020-04-08,-0.5994,0.058,0.177,0.765
2020-04-08,0.0,0.0,0.0,1.0
2020-04-08,0.2263,0.079,0.0,0.921
2020-04-08,-0.3818,0.0,0.126,0.874
2020-04-09,0.0,0.0,0.0,1.0
2020-04-09,-0.0772,0.0,0.049,0.951
2020-04-09,0.0,0.0,0.0,1.0
2020-04-09,0.6808,0.196,0.0,0.804
2020-04-09,-0.6444,0.0,0.2,0.8
2020-04-09,0.0,0.0,0.0,1.0
2020-04-09,0.4019,0.101,0.0,0.899
2020-04-09,0.3182,0.099,0.0,0.901
2020-04-09,-0.2023,0.0,0.073,0.927
2020-04-09,0.0,0.0,0.0,1.0
2020-04-09,-0.25,0.0,0.083,0.917
2020-04-09,0.3182,0.142,0.097,0.761
2020-04-09,-0.4215,0.0,0.352,0.648
2020-04-09,0.0,0.0,0.0,1.0
2020-04-09,0.0,0.0,0.0,1.0
2020-04-09,0.0,0.0,0.0,1.0
2020-04-09,0.4404,0.14,0.0,0.86
2020-04-09,0.296,0.075,0.0,0.925
2020-04-09,-0.8442,0.0,0.336,0.664
2020-04-09,0.0,0.0,0.0,1.0
2020-04-10,0.0,0.0,0.0,1.0
2020-04-10,0.6486,0.194,0.0,0.806
2020-04-11,0.0,0.0,0.0,1.0
2020-04-11,0.0,0.0,0.0,1.0
2020-04-11,0.0,0.0,0.0,1.0
2020-04-12,0.3612,0.098,0.0,0.902
2020-04-12,-0.1027,0.088,0.104,0.808
2020-04-13,0.3818,0.115,0.0,0.885
2020-04-13,0.4939,0.186,0.0,0.814
2020-04-13,0.3182,0.15,0.0,0.85
2020-04-13,0.5106,0.136,0.0,0.864
2020-04-13,0.3818,0.094,0.0,0.906
2020-04-13,0.4404,0.094,0.0,0.906
2020-04-13,-0.2263,0.0,0.061,0.939
2020-04-14,0.0,0.0,0.0,1.0
2020-04-14,0.4019,0.15,0.069,0.781
2020-04-14,0.2732,0.077,0.0,0.923
2020-04-14,-0.296,0.0,0.075,0.925
2020-04-14,0.1531,0.087,0.069,0.844
2020-04-14,0.128,0.057,0.0,0.943
2020-04-14,-0.6249,0.0,0.136,0.864
2020-04-14,-0.6249,0.0,0.181,0.819
2020-04-14,-0.2263,0.0,0.073,0.927
2020-04-14,-0.0772,0.0,0.058,0.942
2020-04-15,0.0,0.0,0.0,1.0
2020-04-15,0.0,0.0,0.0,1.0
2020-04-15,0.4215,0.104,0.0,0.896
2020-04-15,0.5719,0.158,0.0,0.842
2020-04-15,-0.34,0.0,0.094,0.906
2020-04-16,0.0,0.0,0.0,1.0
2020-04-16,-0.128,0.093,0.111,0.796
2020-04-16,0.0,0.0,0.0,1.0
2020-04-16,0.2732,0.08,0.0,0.92
2020-04-16,0.0,0.0,0.0,1.0
2020-04-16,0.2263,0.079,0.0,0.921
2020-04-16,0.0,0.0,0.0,1.0
2020-04-17,0.0,0.0,0.0,1.0
2020-04-17,0.0,0.0,0.0,1.0
2020-04-17,-0.0772,0.0,0.051,0.949
2020-04-17,0.0,0.0,0.0,1.0
2020-04-17,0.3612,0.111,0.0,0.889
2020-04-17,0.368,0.099,0.0,0.901
2020-04-18,0.3182,0.099,0.0,0.901
2020-04-18,0.0,0.0,0.0,1.0
2020-04-20,0.1027,0.055,0.0,0.945
2020-04-20,0.4767,0.11,0.0,0.89
2020-04-20,0.0,0.0,0.0,1.0
2020-04-20,0.0772,0.091,0.078,0.83
2020-04-20,0.0,0.0,0.0,1.0
2020-04-20,0.0,0.0,0.0,1.0
2020-04-20,0.0,0.0,0.0,1.0
2020-04-20,0.0,0.0,0.0,1.0
2020-04-20,0.6597,0.205,0.0,0.795
2020-04-20,0.0,0.0,0.0,1.0
2020-04-21,-0.0516,0.098,0.105,0.797
2020-04-21,-0.4215,0.0,0.104,0.896
2020-04-21,-0.2596,0.088,0.114,0.798
2020-04-21,0.3612,0.148,0.0,0.852
2020-04-21,-0.0772,0.0,0.061,0.939
2020-04-21,0.2732,0.235,0.138,0.627
2020-04-21,0.2732,0.1,0.0,0.9
2020-04-21,0.2023,0.087,0.0,0.913
2020-04-21,0.2263,0.079,0.0,0.921
2020-04-22,0.0,0.0,0.0,1.0
2020-04-22,0.0,0.0,0.0,1.0
2020-04-22,0.7003,0.216,0.0,0.784
2020-04-22,0.6597,0.221,0.0,0.779
2020-04-22,-0.09,0.207,0.217,0.576
2020-04-22,0.7096,0.197,0.0,0.803
2020-04-22,0.5267,0.196,0.0,0.804
2020-04-22,0.2023,0.073,0.0,0.927
2020-04-22,0.0,0.0,0.0,1.0
2020-04-22,0.0,0.0,0.0,1.0
2020-04-22,0.5267,0.161,0.0,0.839
2020-04-22,-0.4404,0.0,0.116,0.884
2020-04-22,-0.4939,0.0,0.138,0.862
2020-04-23,0.5719,0.15,0.0,0.85
2020-04-23,0.3182,0.097,0.047,0.856
2020-04-23,0.0,0.0,0.0,1.0
2020-04-23,0.7096,0.179,0.0,0.821
2020-04-23,0.0,0.0,0.0,1.0
2020-04-23,0.4588,0.188,0.077,0.735
2020-04-23,0.0,0.0,0.0,1.0
2020-04-23,0.0,0.0,0.0,1.0
2020-04-23,0.0,0.0,0.0,1.0
2020-04-23,0.3818,0.106,0.0,0.894
2020-04-23,0.7964,0.26,0.0,0.74
2020-04-23,0.0,0.0,0.0,1.0
2020-04-23,-0.8462,0.0,0.262,0.738
2020-04-23,0.0,0.0,0.0,1.0
2020-04-24,0.4588,0.12,0.0,0.88
2020-04-24,0.0,0.0,0.0,1.0
2020-04-24,-0.25,0.0,0.067,0.933
2020-04-24,0.2263,0.083,0.0,0.917
2020-04-24,0.5719,0.139,0.0,0.861
2020-04-24,0.5719,0.139,0.0,0.861
2020-04-24,0.5719,0.15,0.0,0.85
2020-04-24,0.2732,0.08,0.0,0.92
2020-04-24,0.7783,0.274,0.0,0.726
2020-04-24,0.368,0.099,0.0,0.901
2020-04-26,0.7027,0.278,0.127,0.595
2020-04-26,0.0,0.0,0.0,1.0
2020-04-27,0.0,0.0,0.0,1.0
2020-04-27,0.5994,0.145,0.0,0.855
2020-04-27,0.4754,0.103,0.0,0.897
2020-04-27,0.4215,0.101,0.0,0.899
2020-04-27,0.25,0.069,0.0,0.931
2020-04-27,0.0,0.0,0.0,1.0
2020-04-27,-0.0516,0.104,0.142,0.755
2020-04-27,0.128,0.059,0.0,0.941
2020-04-27,0.0,0.0,0.0,1.0
2020-04-27,0.0,0.0,0.0,1.0
2020-04-27,0.2263,0.079,0.0,0.921
2020-04-28,-0.2023,0.078,0.106,0.816
2020-04-28,0.0,0.0,0.0,1.0
2020-04-28,-0.2023,0.0,0.062,0.938
2020-04-28,-0.0258,0.089,0.093,0.819
2020-04-28,0.8126,0.251,0.0,0.749
2020-04-28,0.2732,0.087,0.0,0.913
2020-04-28,0.6573,0.232,0.082,0.685
2020-04-28,0.0,0.0,0.0,1.0
2020-04-28,0.5106,0.117,0.0,0.883
2020-04-28,-0.128,0.0,0.077,0.923
2020-04-28,0.0,0.0,0.0,1.0
2020-04-28,0.0,0.0,0.0,1.0
2020-04-28,0.2732,0.084,0.0,0.916
2020-04-28,0.4404,0.097,0.0,0.903
2020-04-28,0.4404,0.104,0.0,0.896
2020-04-28,0.0,0.0,0.0,1.0
2020-04-28,0.4215,0.109,0.0,0.891
2020-04-28,0.5319,0.16,0.0,0.84
2020-04-28,0.0,0.0,0.0,1.0
2020-04-28,0.0,0.0,0.0,1.0
2020-04-28,0.0,0.0,0.0,1.0
2020-04-28,0.0,0.0,0.0,1.0
2020-04-28,-0.25,0.083,0.12,0.797
2020-04-28,0.0,0.0,0.0,1.0
2020-04-28,0.0,0.0,0.0,1.0
2020-04-29,0.3182,0.119,0.0,0.881
2020-04-29,0.4767,0.1,0.0,0.9
2020-04-29,-0.3818,0.0,0.094,0.906
2020-04-29,0.3612,0.085,0.0,0.915
2020-04-29,0.0,0.0,0.0,1.0
2020-04-29,0.34,0.107,0.0,0.893
2020-04-29,0.0,0.0,0.0,1.0
2020-04-29,-0.3612,0.085,0.169,0.746
2020-04-29,-0.6486,0.0,0.194,0.806
2020-04-29,-0.0258,0.092,0.096,0.812
2020-04-29,0.0,0.0,0.0,1.0
2020-04-29,0.0,0.0,0.0,1.0
2020-04-29,0.0,0.0,0.0,1.0
2020-04-29,0.5719,0.17,0.0,0.83
2020-04-29,-0.3818,0.0,0.126,0.874
2020-04-29,-0.0772,0.0,0.051,0.949
2020-04-30,0.0,0.0,0.0,1.0
2020-04-30,0.6369,0.167,0.0,0.833
2020-04-30,0.2732,0.077,0.0,0.923
2020-04-30,0.128,0.061,0.0,0.939
2020-04-30,0.3612,0.137,0.0,0.863
2020-04-30,0.0,0.0,0.0,1.0
2020-04-30,0.5574,0.13,0.0,0.87
2020-04-30,0.0,0.0,0.0,1.0
2020-04-30,0.0,0.0,0.0,1.0
2020-04-30,0.4215,0.147,0.0,0.853
2020-04-30,-0.0772,0.0,0.075,0.925
2020-04-30,0.0,0.0,0.0,1.0
2020-04-30,0.1531,0.113,0.081,0.806
2020-05-01,0.0,0.0,0.0,1.0
2020-05-01,0.2023,0.096,0.0,0.904
2020-05-01,0.5719,0.164,0.0,0.836
2020-05-01,0.0258,0.048,0.0,0.952
2020-05-01,0.0,0.0,0.0,1.0
2020-05-01,0.7351,0.265,0.0,0.735
2020-05-01,0.0,0.0,0.0,1.0
2020-05-02,-0.3818,0.0,0.098,0.902
2020-05-02,-0.1027,0.088,0.104,0.808
2020-05-03,0.6808,0.196,0.0,0.804
2020-05-03,-0.2382,0.0,0.07,0.93
2020-05-03,-0.2382,0.0,0.07,0.93
2020-05-03,0.5267,0.161,0.0,0.839
2020-05-04,0.1531,0.052,0.0,0.948
2020-05-04,0.4215,0.113,0.0,0.887
2020-05-04,0.0,0.0,0.0,1.0
2020-05-04,0.7579,0.289,0.07,0.641
2020-05-04,-0.2023,0.0,0.083,0.917
2020-05-04,0.25,0.133,0.0,0.867
2020-05-04,0.4927,0.132,0.0,0.868
2020-05-04,0.1531,0.086,0.0,0.914
2020-05-04,0.3612,0.088,0.0,0.912
2020-05-04,0.0,0.0,0.0,1.0
2020-05-04,0.0,0.0,0.0,1.0
2020-05-05,0.0,0.0,0.0,1.0
2020-05-05,0.0,0.0,0.0,1.0
2020-05-05,0.6705,0.208,0.0,0.792
2020-05-05,0.0,0.0,0.0,1.0
2020-05-05,0.0,0.0,0.0,1.0
2020-05-05,0.0,0.0,0.0,1.0
2020-05-05,0.4767,0.177,0.0,0.823
2020-05-05,0.0,0.0,0.0,1.0
2020-05-05,0.4019,0.114,0.0,0.886
2020-05-05,-0.1779,0.0,0.082,0.918
2020-05-05,0.4215,0.104,0.0,0.896
2020-05-05,-0.0258,0.086,0.088,0.826
2020-05-05,0.4215,0.094,0.0,0.906
2020-05-05,0.8176,0.239,0.0,0.761
2020-05-05,0.0,0.0,0.0,1.0
2020-05-05,0.4939,0.11,0.0,0.89
2020-05-05,0.2023,0.07,0.0,0.93
2020-05-05,0.4215,0.101,0.0,0.899
2020-05-05,0.4215,0.094,0.0,0.906
2020-05-05,0.0,0.0,0.0,1.0
2020-05-05,0.6908,0.199,0.0,0.801
2020-05-05,0.0,0.0,0.0,1.0
2020-05-06,0.0,0.0,0.0,1.0
2020-05-06,0.4215,0.109,0.0,0.891
2020-05-06,0.4019,0.101,0.0,0.899
2020-05-06,0.0,0.0,0.0,1.0
2020-05-06,0.7184,0.222,0.0,0.778
2020-05-06,0.0,0.0,0.0,1.0
2020-05-06,0.4019,0.091,0.0,0.909
2020-05-06,0.0,0.0,0.0,1.0
2020-05-06,0.2263,0.079,0.0,0.921
2020-05-07,0.0,0.0,0.0,1.0
2020-05-07,0.0,0.0,0.0,1.0
2020-05-07,0.1154,0.089,0.076,0.835
2020-05-07,0.0,0.0,0.0,1.0
2020-05-07,0.2732,0.065,0.0,0.935
2020-05-07,0.0,0.0,0.0,1.0
2020-05-07,0.5267,0.167,0.0,0.833
2020-05-07,0.3612,0.085,0.0,0.915
2020-05-07,-0.2263,0.0,0.079,0.921
2020-05-07,0.0,0.0,0.0,1.0
2020-05-08,0.0,0.0,0.0,1.0
2020-05-08,0.0,0.0,0.0,1.0
2020-05-08,0.3612,0.102,0.0,0.898
2020-05-08,0.0,0.0,0.0,1.0
2020-05-08,0.714,0.213,0.0,0.787
2020-05-08,0.0,0.0,0.0,1.0
2020-05-08,-0.3818,0.0,0.126,0.874
2020-05-08,-0.8271,0.0,0.288,0.712
2020-05-08,0.0,0.0,0.0,1.0
2020-05-08,0.4404,0.216,0.086,0.698
2020-05-09,0.0,0.0,0.0,1.0
2020-05-09,-0.6249,0.0,0.146,0.854
2020-05-10,0.0,0.0,0.0,1.0
2020-05-10,-0.5719,0.0,0.129,0.871
2020-05-10,0.4199,0.127,0.0,0.873
2020-05-11,0.0,0.0,0.0,1.0
2020-05-11,-0.3182,0.0,0.076,0.924
2020-05-11,0.0,0.0,0.0,1.0
2020-05-11,0.34,0.085,0.0,0.915
2020-05-11,0.0,0.0,0.0,1.0
2020-05-11,-0.0516,0.062,0.068,0.87
2020-05-11,-0.7184,0.048,0.242,0.71
2020-05-11,0.4019,0.119,0.0,0.881
2020-05-11,0.2263,0.079,0.0,0.921
2020-05-12,0.4404,0.097,0.0,0.903
2020-05-12,0.5106,0.121,0.0,0.879
2020-05-12,-0.4767,0.083,0.159,0.758
2020-05-12,0.0,0.0,0.0,1.0
2020-05-12,0.0772,0.044,0.0,0.956
2020-05-12,0.0,0.0,0.0,1.0
2020-05-12,0.0,0.0,0.0,1.0
2020-05-12,0.0,0.0,0.0,1.0
2020-05-12,0.7003,0.245,0.0,0.755
2020-05-12,-0.1531,0.0,0.065,0.935
2020-05-12,0.0,0.0,0.0,1.0
2020-05-12,0.4019,0.109,0.0,0.891
2020-05-12,0.7506,0.218,0.0,0.782
2020-05-12,-0.8591,0.0,0.322,0.678
2020-05-12,0.0,0.0,0.0,1.0
2020-05-12,-0.296,0.0,0.087,0.913
2020-05-13,0.0,0.0,0.0,1.0
2020-05-13,0.4019,0.101,0.0,0.899
2020-05-13,0.4215,0.183,0.0,0.817
2020-05-13,0.5413,0.118,0.0,0.882
2020-05-13,-0.4939,0.074,0.149,0.777
2020-05-13,0.25,0.109,0.07,0.82
2020-05-13,-0.296,0.0,0.081,0.919
2020-05-13,0.7783,0.281,0.0,0.719
2020-05-13,0.0,0.0,0.0,1.0
2020-05-13,-0.3818,0.0,0.126,0.874
2020-05-13,0.4215,0.104,0.0,0.896
2020-05-14,0.8555,0.356,0.0,0.644
2020-05-14,0.0,0.0,0.0,1.0
2020-05-14,0.0,0.0,0.0,1.0
2020-05-14,0.4767,0.114,0.0,0.886
2020-05-14,-0.2263,0.0,0.071,0.929
2020-05-14,0.0,0.0,0.0,1.0
2020-05-14,0.5574,0.13,0.0,0.87
2020-05-14,0.0,0.0,0.0,1.0
2020-05-14,0.4939,0.118,0.0,0.882
2020-05-14,0.34,0.094,0.0,0.906
2020-05-15,0.4215,0.147,0.0,0.853
2020-05-15,0.3182,0.095,0.0,0.905
2020-05-15,0.0,0.0,0.0,1.0
2020-05-15,0.4278,0.136,0.0,0.864
2020-05-15,0.4019,0.114,0.0,0.886
2020-05-15,0.0258,0.103,0.099,0.798
2020-05-15,0.0,0.0,0.0,1.0
2020-05-15,-0.4019,0.0,0.091,0.909
2020-05-15,0.0,0.0,0.0,1.0
2020-05-15,0.0,0.0,0.0,1.0
2020-05-15,-0.5106,0.1,0.213,0.687
2020-05-15,0.0516,0.062,0.0,0.938
2020-05-15,0.0258,0.111,0.107,0.782
2020-05-16,-0.7096,0.165,0.315,0.52
2020-05-17,0.5106,0.136,0.0,0.864
2020-05-17,-0.4404,0.055,0.145,0.8
2020-05-17,0.4201,0.117,0.0,0.883
2020-05-17,0.0,0.0,0.0,1.0
2020-05-18,0.6652,0.214,0.0,0.786
2020-05-18,-0.128,0.124,0.109,0.767
2020-05-18,0.2732,0.075,0.0,0.925
2020-05-18,0.4588,0.13,0.0,0.87
2020-05-18,-0.3612,0.0,0.111,0.889
2020-05-18,0.3898,0.103,0.0,0.897
2020-05-18,0.0,0.0,0.0,1.0
2020-05-18,0.128,0.057,0.0,0.943
2020-05-18,0.0772,0.051,0.0,0.949
2020-05-18,0.4404,0.132,0.0,0.868
2020-05-18,-0.3818,0.0,0.126,0.874
2020-05-18,0.6369,0.167,0.0,0.833
2020-05-18,0.0,0.0,0.0,1.0
2020-05-18,0.4404,0.223,0.089,0.687
2020-05-19,0.0,0.0,0.0,1.0
2020-05-19,0.0,0.0,0.0,1.0
2020-05-19,0.0,0.0,0.0,1.0
2020-05-19,0.0,0.0,0.0,1.0
2020-05-19,0.0,0.0,0.0,1.0
2020-05-19,0.0,0.0,0.0,1.0
2020-05-19,0.4019,0.119,0.0,0.881
2020-05-19,0.0,0.0,0.0,1.0
2020-05-19,0.0,0.0,0.0,1.0
2020-05-19,-0.3818,0.0,0.098,0.902
2020-05-19,0.3182,0.084,0.0,0.916
2020-05-19,0.0,0.0,0.0,1.0
2020-05-19,0.4767,0.129,0.0,0.871
2020-05-19,0.0,0.0,0.0,1.0
2020-05-20,0.2732,0.077,0.0,0.923
2020-05-20,0.0,0.0,0.0,1.0
2020-05-20,0.4254,0.167,0.074,0.758
2020-05-20,0.0,0.0,0.0,1.0
2020-05-20,0.4019,0.109,0.0,0.891
2020-05-20,0.0,0.0,0.0,1.0
2020-05-20,-0.5349,0.043,0.172,0.785
2020-05-20,0.2263,0.079,0.0,0.921
2020-05-20,0.0,0.0,0.0,1.0
2020-05-20,-0.1531,0.0,0.068,0.932
2020-05-21,0.2732,0.07,0.0,0.93
2020-05-21,0.4019,0.109,0.0,0.891
2020-05-21,0.0,0.0,0.0,1.0
2020-05-21,0.7471,0.277,0.107,0.616
2020-05-21,-0.8077,0.0,0.265,0.735
2020-05-21,0.4019,0.105,0.0,0.895
2020-05-21,0.0,0.0,0.0,1.0
2020-05-21,0.6908,0.206,0.0,0.794
2020-05-21,0.0,0.0,0.0,1.0
2020-05-21,0.34,0.094,0.0,0.906
2020-05-21,-0.7096,0.165,0.315,0.52
2020-05-21,-0.4588,0.0,0.097,0.903
2020-05-22,-0.3818,0.075,0.138,0.787
2020-05-22,0.34,0.068,0.0,0.932
2020-05-22,-0.3612,0.077,0.154,0.769
2020-05-22,0.0,0.0,0.0,1.0
2020-05-22,-0.1531,0.075,0.098,0.827
2020-05-24,0.0,0.0,0.0,1.0
2020-05-24,-0.0516,0.086,0.092,0.822
2020-05-24,0.2023,0.074,0.047,0.878
2020-05-24,0.4404,0.108,0.0,0.892
2020-05-25,0.2023,0.073,0.0,0.927
2020-05-25,0.3612,0.085,0.0,0.915
2020-05-25,0.368,0.099,0.0,0.901
2020-05-25,-0.8625,0.0,0.314,0.686
2020-05-25,0.6908,0.222,0.0,0.778
2020-05-26,0.7579,0.263,0.0,0.737
2020-05-26,0.0,0.0,0.0,1.0
2020-05-26,0.6901,0.213,0.0,0.787
2020-05-26,0.0,0.0,0.0,1.0
2020-05-26,0.0,0.0,0.0,1.0
2020-05-26,-0.3818,0.0,0.098,0.902
2020-05-26,0.6705,0.18,0.0,0.82
2020-05-26,-0.5106,0.0,0.125,0.875
2020-05-27,0.4019,0.097,0.0,0.903
2020-05-27,0.0,0.0,0.0,1.0
2020-05-27,0.4576,0.115,0.0,0.885
2020-05-27,0.0,0.0,0.0,1.0
2020-05-27,0.0772,0.104,0.09,0.806
2020-05-27,0.0,0.0,0.0,1.0
2020-05-27,0.0,0.0,0.0,1.0
2020-05-27,0.8494,0.339,0.0,0.661
2020-05-27,0.0516,0.062,0.0,0.938
2020-05-27,-0.765,0.0,0.268,0.732
2020-05-27,-0.2263,0.0,0.066,0.934
2020-05-28,0.0,0.0,0.0,1.0
2020-05-28,0.743,0.24,0.0,0.76
2020-05-28,0.8442,0.302,0.0,0.698
2020-05-28,-0.1531,0.118,0.137,0.745
2020-05-28,0.0,0.0,0.0,1.0
2020-05-28,0.0,0.0,0.0,1.0
2020-05-28,0.0,0.0,0.0,1.0
2020-05-28,0.6037,0.171,0.0,0.829
2020-05-28,-0.3818,0.0,0.126,0.874
2020-05-28,-0.3818,0.0,0.126,0.874
2020-05-29,0.3612,0.085,0.0,0.915
2020-05-29,0.3612,0.106,0.0,0.894
2020-05-29,-0.0191,0.0,0.04,0.96
2020-05-29,0.0,0.0,0.0,1.0
2020-05-29,0.0,0.0,0.0,1.0
2020-05-29,0.0,0.0,0.0,1.0
2020-05-29,0.5994,0.214,0.0,0.786
2020-05-29,0.0,0.0,0.0,1.0
2020-05-29,0.25,0.077,0.0,0.923
2020-05-29,0.0,0.0,0.0,1.0
2020-05-29,0.3818,0.11,0.0,0.89
2020-05-29,0.0,0.0,0.0,1.0
2020-05-29,-0.2732,0.097,0.167,0.736
2020-05-29,0.5574,0.172,0.051,0.777
2020-05-30,0.3612,0.07,0.0,0.93
2020-05-30,0.0,0.0,0.0,1.0
2020-05-30,0.0258,0.044,0.0,0.956
2020-05-30,0.0,0.0,0.0,1.0
2020-05-31,-0.25,0.08,0.117,0.803
2020-05-31,0.7783,0.254,0.0,0.746
2020-05-31,0.3612,0.091,0.0,0.909
2020-05-31,-0.1027,0.088,0.104,0.808
2020-06-01,0.0,0.0,0.0,1.0
2020-06-01,0.296,0.078,0.0,0.922
2020-06-01,0.5423,0.202,0.064,0.734
2020-06-01,-0.128,0.0,0.057,0.943
2020-06-01,0.0,0.0,0.0,1.0
2020-06-01,-0.3818,0.0,0.088,0.912
2020-06-01,-0.1098,0.089,0.106,0.806
2020-06-01,0.7845,0.273,0.0,0.727
2020-06-01,0.0,0.0,0.0,1.0
2020-06-01,-0.8628,0.0,0.336,0.664
2020-06-01,0.4939,0.132,0.0,0.868
2020-06-01,-0.25,0.087,0.126,0.787
2020-06-01,-0.8225,0.0,0.266,0.734
2020-06-01,-0.6808,0.035,0.179,0.786
2020-06-01,-0.5574,0.054,0.133,0.813
2020-06-01,0.0,0.0,0.0,1.0
2020-06-01,0.0,0.0,0.0,1.0
2020-06-01,0.0,0.0,0.0,1.0
2020-06-01,0.0,0.0,0.0,1.0
2020-06-01,0.0,0.0,0.0,1.0
2020-06-02,0.5859,0.161,0.0,0.839
2020-06-02,-0.2225,0.049,0.082,0.868
2020-06-02,-0.2044,0.0,0.067,0.933
2020-06-02,-0.0772,0.117,0.127,0.756
2020-06-02,0.6124,0.185,0.0,0.815
2020-06-02,-0.4939,0.0,0.174,0.826
2020-06-02,-0.4939,0.072,0.144,0.784
2020-06-02,0.4215,0.088,0.0,0.912
2020-06-02,-0.2023,0.062,0.092,0.846
2020-06-02,0.7717,0.3,0.0,0.7
2020-06-02,0.2732,0.077,0.0,0.923
2020-06-02,0.0,0.0,0.0,1.0
2020-06-02,-0.5859,0.0,0.194,0.806
2020-06-02,0.0,0.0,0.0,1.0
2020-06-02,0.0,0.0,0.0,1.0
2020-06-02,0.0,0.0,0.0,1.0
2020-06-03,0.0,0.0,0.0,1.0
2020-06-03,0.0,0.0,0.0,1.0
2020-06-03,0.4019,0.105,0.0,0.895
2020-06-03,0.0,0.0,0.0,1.0
2020-06-03,0.6249,0.212,0.0,0.788
2020-06-03,0.0,0.0,0.0,1.0
2020-06-03,0.5574,0.187,0.0,0.813
2020-06-03,0.4019,0.114,0.0,0.886
2020-06-03,0.4215,0.094,0.0,0.906
2020-06-03,0.4215,0.097,0.0,0.903
2020-06-03,0.5859,0.186,0.0,0.814
2020-06-03,0.2732,0.072,0.0,0.928
2020-06-04,0.0,0.0,0.0,1.0
2020-06-04,0.5574,0.167,0.0,0.833
2020-06-04,-0.0772,0.0,0.056,0.944
2020-06-04,0.3182,0.091,0.0,0.909
2020-06-04,0.3612,0.251,0.199,0.55
2020-06-05,0.8225,0.342,0.082,0.576
2020-06-05,0.0,0.0,0.0,1.0
2020-06-05,0.4019,0.105,0.0,0.895
2020-06-05,0.0,0.0,0.0,1.0
2020-06-05,-0.3612,0.0,0.106,0.894
2020-06-06,0.296,0.081,0.0,0.919
2020-06-06,0.7184,0.25,0.0,0.75
2020-06-06,0.0,0.0,0.0,1.0
2020-06-06,0.0,0.0,0.0,1.0
2020-06-08,0.0,0.0,0.0,1.0
2020-06-08,-0.0516,0.08,0.087,0.833
2020-06-08,0.0,0.0,0.0,1.0
2020-06-08,-0.3182,0.0,0.091,0.909
2020-06-08,0.0,0.0,0.0,1.0
2020-06-08,-0.3612,0.056,0.108,0.836
2020-06-08,0.0,0.0,0.0,1.0
2020-06-09,0.3612,0.116,0.0,0.884
2020-06-09,-0.4404,0.0,0.132,0.868
2020-06-09,0.0,0.0,0.0,1.0
2020-06-09,0.0,0.0,0.0,1.0
2020-06-09,0.2732,0.108,0.072,0.82
2020-06-09,0.4939,0.118,0.0,0.882
2020-06-09,0.0,0.0,0.0,1.0
2020-06-09,0.4939,0.122,0.0,0.878
2020-06-09,0.2263,0.079,0.0,0.921
2020-06-09,0.0,0.0,0.0,1.0
2020-06-10,-0.34,0.0,0.088,0.912
2020-06-10,0.5574,0.167,0.0,0.833
2020-06-10,0.0,0.0,0.0,1.0
2020-06-10,0.0258,0.05,0.0,0.95
2020-06-10,0.5423,0.158,0.0,0.842
2020-06-10,0.0,0.0,0.0,1.0
2020-06-10,0.0,0.0,0.0,1.0
2020-06-10,0.6523,0.186,0.0,0.814
2020-06-10,0.0,0.0,0.0,1.0
2020-06-10,0.7783,0.328,0.0,0.672
2020-06-10,0.5106,0.13,0.0,0.87
2020-06-10,0.5574,0.13,0.0,0.87
2020-06-10,-0.5106,0.0,0.125,0.875
2020-06-10,0.128,0.057,0.0,0.943
2020-06-11,0.7964,0.323,0.0,0.677
2020-06-11,-0.0772,0.0,0.051,0.949
2020-06-11,0.0,0.0,0.0,1.0
2020-06-11,0.0,0.0,0.0,1.0
2020-06-11,-0.2732,0.0,0.084,0.916
2020-06-11,0.8126,0.275,0.061,0.665
2020-06-11,0.0,0.0,0.0,1.0
2020-06-11,0.8833,0.442,0.0,0.558
2020-06-11,-0.4215,0.0,0.109,0.891
2020-06-11,0.0,0.0,0.0,1.0
2020-06-11,0.4404,0.088,0.0,0.912
2020-06-11,0.5574,0.13,0.0,0.87
2020-06-12,0.0,0.0,0.0,1.0
2020-06-12,0.6808,0.228,0.0,0.772
2020-06-12,0.7983,0.254,0.0,0.746
2020-06-12,0.6124,0.193,0.056,0.751
2020-06-12,-0.0772,0.0,0.053,0.947
2020-06-12,0.1779,0.1,0.076,0.825
2020-06-12,0.0,0.0,0.0,1.0
2020-06-12,0.0,0.0,0.0,1.0
2020-06-12,0.0,0.0,0.0,1.0
2020-06-12,0.0,0.0,0.0,1.0
2020-06-13,0.5574,0.135,0.0,0.865
2020-06-13,0.4939,0.118,0.0,0.882
2020-06-14,0.4404,0.127,0.0,0.873
2020-06-15,0.5859,0.142,0.0,0.858
2020-06-15,0.4404,0.097,0.0,0.903
2020-06-15,0.0,0.0,0.0,1.0
2020-06-15,0.0,0.0,0.0,1.0
2020-06-15,0.296,0.108,0.07,0.823
2020-06-15,0.0,0.0,0.0,1.0
2020-06-15,0.296,0.073,0.0,0.927
2020-06-15,-0.5654,0.086,0.176,0.738
2020-06-15,0.0,0.0,0.0,1.0
2020-06-15,-0.1139,0.0,0.1,0.9
2020-06-15,0.4939,0.113,0.0,0.887
2020-06-16,-0.0772,0.0,0.061,0.939
2020-06-16,0.0,0.0,0.0,1.0
2020-06-16,-0.3182,0.0,0.091,0.909
2020-06-16,0.0,0.0,0.0,1.0
2020-06-16,0.4019,0.119,0.0,0.881
2020-06-16,-0.2577,0.0,0.107,0.893
2020-06-16,0.7003,0.188,0.0,0.812
2020-06-16,-0.4404,0.0,0.1,0.9
2020-06-16,0.0,0.0,0.0,1.0
2020-06-16,0.4404,0.108,0.0,0.892
2020-06-16,0.5574,0.13,0.0,0.87
2020-06-16,0.4215,0.094,0.0,0.906
2020-06-17,0.0,0.0,0.0,1.0
2020-06-17,-0.5106,0.0,0.216,0.784
2020-06-17,0.0,0.0,0.0,1.0
2020-06-17,-0.1779,0.081,0.107,0.812
2020-06-17,0.0,0.0,0.0,1.0
2020-06-18,-0.296,0.0,0.084,0.916
2020-06-18,0.0,0.0,0.0,1.0
2020-06-18,0.6808,0.183,0.0,0.817
2020-06-18,-0.3182,0.0,0.084,0.916
2020-06-18,0.0,0.0,0.0,1.0
2020-06-18,0.0,0.0,0.0,1.0
2020-06-18,0.34,0.107,0.0,0.893
2020-06-18,0.5367,0.163,0.0,0.837
2020-06-18,0.4215,0.097,0.0,0.903
2020-06-18,-0.2263,0.0,0.091,0.909
2020-06-18,0.0,0.0,0.0,1.0
2020-06-19,0.0,0.0,0.0,1.0
2020-06-19,0.0516,0.048,0.0,0.952
2020-06-19,0.34,0.085,0.0,0.915
2020-06-19,0.0,0.0,0.0,1.0
2020-06-19,-0.6249,0.0,0.195,0.805
2020-06-21,0.0,0.0,0.0,1.0
2020-06-21,-0.296,0.0,0.078,0.922
2020-06-22,0.0,0.0,0.0,1.0
2020-06-22,0.0,0.0,0.0,1.0
2020-06-22,0.0,0.0,0.0,1.0
2020-06-22,0.2263,0.083,0.0,0.917
2020-06-22,0.4939,0.118,0.0,0.882
2020-06-22,0.6369,0.184,0.0,0.816
2020-06-22,0.4019,0.119,0.0,0.881
2020-06-22,0.0,0.0,0.0,1.0
2020-06-22,0.0,0.0,0.0,1.0
2020-06-22,0.0,0.0,0.0,1.0
2020-06-22,0.0,0.0,0.0,1.0
2020-06-22,0.4215,0.097,0.0,0.903
2020-06-23,-0.0258,0.08,0.084,0.836
2020-06-23,0.0,0.0,0.0,1.0
2020-06-23,0.8074,0.274,0.0,0.726
2020-06-23,-0.3818,0.082,0.129,0.789
2020-06-23,0.3818,0.106,0.0,0.894
2020-06-23,0.0,0.0,0.0,1.0
2020-06-23,0.0,0.0,0.0,1.0
2020-06-23,0.0,0.0,0.0,1.0
2020-06-23,0.4497,0.166,0.051,0.783
2020-06-23,0.0,0.0,0.0,1.0
2020-06-23,0.0,0.0,0.0,1.0
2020-06-23,0.0,0.0,0.0,1.0
2020-06-24,0.2023,0.073,0.0,0.927
2020-06-24,0.0,0.0,0.0,1.0
2020-06-24,0.0,0.0,0.0,1.0
2020-06-24,0.6369,0.198,0.0,0.802
2020-06-24,-0.4019,0.0,0.101,0.899
2020-06-24,0.0,0.0,0.0,1.0
2020-06-24,0.0,0.0,0.0,1.0
2020-06-25,0.5994,0.182,0.0,0.818
2020-06-25,0.8074,0.257,0.0,0.743
2020-06-25,-0.3818,0.0,0.102,0.898
2020-06-25,0.0,0.0,0.0,1.0
2020-06-25,0.5719,0.129,0.0,0.871
2020-06-25,0.0,0.0,0.0,1.0
2020-06-25,-0.1027,0.07,0.085,0.846
2020-06-25,0.2263,0.083,0.0,0.917
2020-06-25,0.0,0.0,0.0,1.0
2020-06-25,0.0,0.0,0.0,1.0
2020-06-25,-0.5106,0.052,0.185,0.763
2020-06-25,0.0,0.0,0.0,1.0
2020-06-26,0.0,0.0,0.0,1.0
2020-06-26,-0.2263,0.0,0.073,0.927
2020-06-26,0.4939,0.106,0.0,0.894
2020-06-26,0.0,0.0,0.0,1.0
2020-06-26,0.6705,0.208,0.066,0.726
2020-06-26,0.659,0.172,0.0,0.828
2020-06-26,0.2732,0.087,0.0,0.913
2020-06-26,-0.4588,0.0,0.091,0.909
2020-06-26,0.7964,0.269,0.05,0.681
2020-06-27,0.0,0.0,0.0,1.0
2020-06-27,0.0,0.0,0.0,1.0
2020-06-28,-0.3818,0.0,0.106,0.894
2020-06-29,-0.0516,0.094,0.101,0.804
2020-06-29,0.2023,0.086,0.055,0.859
2020-06-29,0.0,0.0,0.0,1.0
2020-06-29,0.0772,0.049,0.0,0.951
2020-06-29,0.0,0.0,0.0,1.0
2020-06-29,0.2732,0.087,0.0,0.913
2020-06-29,-0.1027,0.088,0.104,0.808
2020-06-29,0.2263,0.079,0.0,0.921
2020-06-29,0.0129,0.082,0.079,0.839
2020-06-29,0.0129,0.082,0.079,0.839
2020-06-30,0.6597,0.204,0.0,0.796
2020-06-30,0.0,0.0,0.0,1.0
2020-06-30,-0.5423,0.0,0.148,0.852
2020-06-30,0.0,0.0,0.0,1.0
2020-06-30,0.0,0.0,0.0,1.0
2020-06-30,-0.3182,0.0,0.126,0.874
2020-06-30,-0.0516,0.094,0.101,0.804
2020-06-30,0.0,0.0,0.0,1.0
2020-06-30,0.0,0.0,0.0,1.0
2020-06-30,-0.0516,0.075,0.081,0.844
2020-06-30,0.0,0.0,0.0,1.0
2020-06-30,0.0,0.0,0.0,1.0
2020-06-30,0.0,0.0,0.0,1.0
2020-07-01,0.7003,0.209,0.0,0.791
2020-07-01,-0.6597,0.0,0.155,0.845
2020-07-01,0.5994,0.159,0.0,0.841
2020-07-01,0.4939,0.122,0.0,0.878
2020-07-01,0.5574,0.173,0.0,0.827
2020-07-01,0.0,0.0,0.0,1.0
2020-07-01,0.6858,0.168,0.0,0.832
2020-07-01,0.5574,0.141,0.0,0.859
2020-07-01,0.0,0.0,0.0,1.0
2020-07-01,0.9274,0.393,0.0,0.607
2020-07-01,0.0,0.0,0.0,1.0
2020-07-01,0.8625,0.346,0.0,0.654
2020-07-01,-0.296,0.0,0.081,0.919
2020-07-01,0.5574,0.141,0.0,0.859
2020-07-01,0.0,0.0,0.0,1.0
2020-07-01,0.0,0.0,0.0,1.0
2020-07-01,0.5267,0.145,0.0,0.855
2020-07-01,-0.3818,0.0,0.11,0.89
2020-07-01,-0.3818,0.0,0.126,0.874
2020-07-01,0.0,0.0,0.0,1.0
2020-07-02,-0.2263,0.109,0.148,0.742
2020-07-02,-0.2023,0.159,0.184,0.656
2020-07-02,0.5994,0.176,0.0,0.824
2020-07-02,-0.3612,0.0,0.111,0.889
2020-07-02,0.6249,0.195,0.0,0.805
2020-07-02,0.4019,0.101,0.0,0.899
2020-07-02,0.4019,0.101,0.0,0.899
2020-07-02,0.5994,0.176,0.0,0.824
2020-07-02,0.0,0.0,0.0,1.0
2020-07-02,0.0,0.0,0.0,1.0
2020-07-02,0.3182,0.126,0.0,0.874
2020-07-02,0.2263,0.079,0.0,0.921
2020-07-03,0.7351,0.224,0.0,0.776
2020-07-03,0.5106,0.148,0.0,0.852
2020-07-03,0.7003,0.177,0.0,0.823
2020-07-03,0.0,0.0,0.0,1.0
2020-07-04,0.0,0.0,0.0,1.0
2020-07-05,0.4215,0.097,0.0,0.903
2020-07-05,0.0,0.0,0.0,1.0
2020-07-06,0.3182,0.081,0.037,0.881
2020-07-06,0.0,0.0,0.0,1.0
2020-07-07,0.5859,0.167,0.0,0.833
2020-07-07,-0.631,0.0,0.186,0.814
2020-07-07,-0.5423,0.0,0.148,0.852
2020-07-07,0.0,0.0,0.0,1.0
2020-07-07,0.0,0.0,0.0,1.0
2020-07-07,0.5574,0.13,0.0,0.87
2020-07-08,-0.5927,0.0,0.152,0.848
2020-07-08,0.0,0.0,0.0,1.0
2020-07-08,0.0,0.0,0.0,1.0
2020-07-09,0.0,0.0,0.0,1.0
2020-07-09,0.6486,0.181,0.0,0.819
2020-07-09,0.5023,0.111,0.0,0.889
2020-07-09,0.1531,0.139,0.073,0.788
2020-07-09,0.5994,0.225,0.047,0.727
2020-07-09,-0.34,0.0,0.091,0.909
2020-07-10,0.0,0.0,0.0,1.0
2020-07-10,0.6808,0.183,0.0,0.817
2020-07-10,0.0,0.0,0.0,1.0
2020-07-10,0.4404,0.157,0.0,0.843
2020-07-10,0.0258,0.101,0.098,0.801
2020-07-10,0.1779,0.066,0.0,0.934
2020-07-10,0.0,0.0,0.0,1.0
2020-07-10,0.5574,0.159,0.0,0.841
2020-07-11,-0.4588,0.068,0.176,0.755
2020-07-12,0.0,0.0,0.0,1.0
2020-07-13,0.3182,0.108,0.0,0.892
2020-07-13,0.8074,0.288,0.0,0.712
2020-07-13,0.296,0.084,0.0,0.916
2020-07-13,0.5267,0.155,0.0,0.845
2020-07-13,0.296,0.081,0.0,0.919
2020-07-13,0.4767,0.119,0.0,0.881
2020-07-13,0.296,0.078,0.0,0.922
2020-07-13,0.0,0.0,0.0,1.0
2020-07-13,0.0,0.0,0.0,1.0
2020-07-13,0.5574,0.187,0.0,0.813
2020-07-13,0.0,0.0,0.0,1.0
2020-07-13,0.0,0.0,0.0,1.0
2020-07-13,0.0,0.0,0.0,1.0
2020-07-13,0.0,0.0,0.0,1.0
2020-07-13,0.4404,0.112,0.0,0.888
2020-07-13,0.0772,0.051,0.0,0.949
2020-07-13,-0.4588,0.068,0.176,0.755
2020-07-14,0.3182,0.099,0.0,0.901
2020-07-14,0.4404,0.116,0.0,0.884
2020-07-14,-0.0516,0.0,0.046,0.954
2020-07-14,0.5574,0.141,0.0,0.859
2020-07-14,-0.7755,0.0,0.27,0.73
2020-07-14,-0.2263,0.0,0.083,0.917
2020-07-15,-0.5267,0.076,0.167,0.758
2020-07-15,0.5267,0.173,0.0,0.827
2020-07-15,0.0,0.0,0.0,1.0
2020-07-15,0.0,0.0,0.0,1.0
2020-07-15,0.0,0.0,0.0,1.0
2020-07-15,0.0,0.0,0.0,1.0
2020-07-15,0.0,0.0,0.0,1.0
2020-07-15,0.25,0.137,0.099,0.763
2020-07-16,0.6486,0.218,0.112,0.67
2020-07-16,0.4939,0.151,0.0,0.849
2020-07-16,0.0,0.0,0.0,1.0
2020-07-17,0.7906,0.286,0.0,0.714
2020-07-17,-0.4588,0.0,0.125,0.875
2020-07-18,-0.3818,0.0,0.12,0.88
2020-07-19,0.34,0.088,0.0,0.912
2020-07-20,0.4404,0.163,0.0,0.837
2020-07-20,0.3167,0.103,0.0,0.897
2020-07-20,0.0,0.0,0.0,1.0
2020-07-20,0.0,0.0,0.0,1.0
2020-07-20,0.4215,0.123,0.0,0.877
2020-07-20,0.296,0.111,0.072,0.817
2020-07-20,0.0,0.0,0.0,1.0
2020-07-20,-0.4215,0.0,0.123,0.877
2020-07-21,0.3182,0.078,0.0,0.922
2020-07-21,0.0,0.0,0.0,1.0
2020-07-22,0.0,0.0,0.0,1.0
2020-07-22,0.4939,0.138,0.0,0.862
2020-07-22,0.6486,0.147,0.0,0.853
2020-07-22,0.0,0.0,0.0,1.0
2020-07-22,0.7579,0.246,0.0,0.754
2020-07-22,0.0,0.0,0.0,1.0
2020-07-22,0.7003,0.228,0.0,0.772
2020-07-22,0.6808,0.18,0.042,0.778
2020-07-22,0.0,0.0,0.0,1.0
2020-07-22,0.0,0.0,0.0,1.0
2020-07-22,0.1779,0.076,0.051,0.873
2020-07-22,-0.4228,0.0,0.132,0.868
2020-07-22,0.802,0.301,0.0,0.699
2020-07-22,-0.1027,0.0,0.053,0.947
2020-07-22,0.7506,0.218,0.0,0.782
2020-07-22,0.0,0.0,0.0,1.0
2020-07-22,0.296,0.084,0.0,0.916
2020-07-22,0.4215,0.104,0.0,0.896
2020-07-22,0.5423,0.164,0.0,0.836
2020-07-22,0.5106,0.13,0.0,0.87
2020-07-22,0.6908,0.233,0.0,0.767
2020-07-22,0.34,0.091,0.0,0.909
2020-07-22,0.34,0.091,0.0,0.909
2020-07-22,0.9062,0.33,0.0,0.67
2020-07-22,0.2023,0.07,0.0,0.93
2020-07-22,0.0,0.0,0.0,1.0
2020-07-22,0.4939,0.122,0.0,0.878
2020-07-22,0.2263,0.066,0.0,0.934
2020-07-22,0.0,0.0,0.0,1.0
2020-07-22,0.1027,0.062,0.0,0.938
2020-07-22,-0.1027,0.088,0.104,0.808
2020-07-22,0.128,0.145,0.093,0.761
2020-07-22,0.2263,0.079,0.0,0.921
2020-07-22,0.0,0.0,0.0,1.0
2020-07-23,-0.6908,0.0,0.206,0.794
2020-07-23,-0.7717,0.0,0.205,0.795
2020-07-23,0.296,0.174,0.102,0.724
2020-07-23,0.2732,0.077,0.0,0.923
2020-07-23,0.4215,0.112,0.0,0.888
2020-07-23,0.2023,0.07,0.0,0.93
2020-07-23,0.4215,0.311,0.149,0.541
2020-07-23,0.4767,0.107,0.0,0.893
2020-07-23,0.0,0.0,0.0,1.0
2020-07-24,0.0772,0.076,0.065,0.859
2020-07-24,0.4767,0.11,0.0,0.89
2020-07-24,0.0,0.0,0.0,1.0
2020-07-24,-0.6124,0.0,0.192,0.808
2020-07-24,0.0772,0.078,0.068,0.854
2020-07-24,0.0,0.0,0.0,1.0
2020-07-24,0.4215,0.113,0.0,0.887
2020-07-24,0.0,0.0,0.0,1.0
2020-07-24,0.2263,0.079,0.0,0.921
2020-07-26,0.3818,0.12,0.0,0.88
2020-07-26,0.516,0.172,0.0,0.828
2020-07-26,-0.1027,0.088,0.104,0.808
2020-07-27,-0.0258,0.0,0.042,0.958
2020-07-27,-0.2263,0.059,0.092,0.849
2020-07-27,0.0,0.0,0.0,1.0
2020-07-27,0.0,0.0,0.0,1.0
2020-07-27,0.0,0.0,0.0,1.0
2020-07-27,0.0,0.0,0.0,1.0
2020-07-27,0.7351,0.238,0.0,0.762
2020-07-27,0.0,0.0,0.0,1.0
2020-07-27,-0.0516,0.066,0.073,0.861
2020-07-27,0.5574,0.159,0.0,0.841
2020-07-28,0.0,0.0,0.0,1.0
2020-07-28,0.0,0.0,0.0,1.0
2020-07-28,0.4963,0.195,0.062,0.743
2020-07-28,0.0,0.0,0.0,1.0
2020-07-28,0.0,0.0,0.0,1.0
2020-07-28,0.7351,0.205,0.0,0.795
2020-07-28,0.296,0.087,0.0,0.913
2020-07-28,-0.296,0.0,0.087,0.913
2020-07-28,0.0516,0.102,0.095,0.803
2020-07-28,0.0,0.0,0.0,1.0
2020-07-28,0.0,0.0,0.0,1.0
2020-07-28,0.5267,0.161,0.0,0.839
2020-07-28,0.0,0.0,0.0,1.0
2020-07-28,0.5267,0.14,0.0,0.86
2020-07-28,0.0,0.0,0.0,1.0
2020-07-28,0.5423,0.167,0.048,0.785
2020-07-28,0.0,0.0,0.0,1.0
2020-07-28,0.4404,0.108,0.0,0.892
2020-07-28,0.0,0.0,0.0,1.0
2020-07-28,0.1779,0.088,0.066,0.846
2020-07-28,0.0,0.0,0.0,1.0
2020-07-28,0.4019,0.105,0.0,0.895
2020-07-29,0.0,0.0,0.0,1.0
2020-07-29,0.8225,0.291,0.0,0.709
2020-07-29,0.2732,0.07,0.0,0.93
2020-07-29,0.25,0.094,0.051,0.855
2020-07-30,0.0,0.0,0.0,1.0
2020-07-30,0.0,0.0,0.0,1.0
2020-07-30,-0.296,0.065,0.131,0.804
2020-07-30,0.3167,0.087,0.0,0.913
2020-07-30,-0.2732,0.0,0.08,0.92
2020-07-30,0.6124,0.185,0.0,0.815
2020-07-30,0.0,0.0,0.0,1.0
2020-07-30,-0.1531,0.091,0.152,0.758
2020-07-30,-0.2846,0.063,0.141,0.796
2020-07-31,0.8316,0.26,0.0,0.74
2020-07-31,0.0,0.0,0.0,1.0
2020-07-31,-0.2185,0.107,0.134,0.759
2020-07-31,0.0,0.0,0.0,1.0
2020-07-31,0.0,0.0,0.0,1.0
2020-07-31,0.0,0.0,0.0,1.0
2020-07-31,0.0,0.0,0.0,1.0
2020-07-31,0.4019,0.101,0.0,0.899
2020-07-31,0.0,0.0,0.0,1.0
2020-08-01,0.1027,0.055,0.0,0.945
2020-08-01,0.6808,0.223,0.0,0.777
2020-08-02,-0.3818,0.079,0.13,0.791
2020-08-02,0.504,0.153,0.0,0.847
2020-08-02,0.5106,0.109,0.0,0.891
2020-08-03,0.4939,0.138,0.0,0.862
2020-08-03,-0.4019,0.096,0.157,0.747
2020-08-03,0.4767,0.129,0.0,0.871
2020-08-03,-0.3818,0.0,0.126,0.874
2020-08-03,0.0,0.0,0.0,1.0
2020-08-04,0.0,0.0,0.0,1.0
2020-08-04,0.5994,0.17,0.0,0.83
2020-08-04,0.0,0.0,0.0,1.0
2020-08-04,0.0,0.0,0.0,1.0
2020-08-04,0.2732,0.095,0.0,0.905
2020-08-04,-0.4767,0.0,0.132,0.868
2020-08-05,0.743,0.201,0.0,0.799
2020-08-05,-0.0772,0.0,0.046,0.954
2020-08-05,0.0,0.0,0.0,1.0
2020-08-05,0.4019,0.124,0.0,0.876
2020-08-05,0.765,0.257,0.0,0.743
2020-08-05,0.0675,0.196,0.129,0.675
2020-08-05,-0.5106,0.094,0.209,0.697
2020-08-05,0.0,0.0,0.0,1.0
2020-08-05,-0.6369,0.163,0.256,0.581
2020-08-05,-0.6369,0.163,0.256,0.581
2020-08-05,0.4019,0.124,0.0,0.876
2020-08-05,0.4939,0.127,0.0,0.873
2020-08-06,0.0,0.0,0.0,1.0
2020-08-06,0.5106,0.134,0.048,0.818
2020-08-06,0.7003,0.188,0.0,0.812
2020-08-06,0.6369,0.184,0.0,0.816
2020-08-06,-0.1513,0.155,0.202,0.643
2020-08-06,0.25,0.109,0.07,0.82
2020-08-06,0.2023,0.083,0.0,0.917
2020-08-06,0.0,0.0,0.0,1.0
2020-08-06,-0.5773,0.0,0.154,0.846
2020-08-06,0.0,0.0,0.0,1.0
2020-08-07,0.7906,0.267,0.0,0.733
2020-08-07,0.4588,0.136,0.0,0.864
2020-08-07,-0.25,0.0,0.074,0.926
2020-08-07,0.0,0.0,0.0,1.0
2020-08-07,0.0258,0.044,0.0,0.956
2020-08-08,0.0,0.0,0.0,1.0
2020-08-09,0.8591,0.311,0.0,0.689
2020-08-09,0.6187,0.153,0.036,0.81
2020-08-09,-0.296,0.0,0.081,0.919
2020-08-09,0.0,0.0,0.0,1.0
2020-08-09,-0.296,0.0,0.091,0.909
2020-08-10,0.3818,0.102,0.0,0.898
2020-08-10,0.4404,0.116,0.0,0.884
2020-08-10,0.3612,0.111,0.0,0.889
2020-08-10,0.6486,0.169,0.0,0.831
2020-08-10,0.7003,0.216,0.0,0.784
2020-08-10,0.2045,0.093,0.068,0.839
2020-08-10,0.2263,0.079,0.0,0.921
2020-08-10,0.4767,0.1,0.0,0.9
2020-08-11,0.5267,0.129,0.0,0.871
2020-08-11,0.4215,0.101,0.0,0.899
2020-08-11,0.6504,0.193,0.065,0.742
2020-08-11,0.5106,0.136,0.0,0.864
2020-08-11,0.0,0.0,0.0,1.0
2020-08-11,0.6908,0.199,0.0,0.801
2020-08-11,0.25,0.074,0.0,0.926
2020-08-11,0.25,0.074,0.0,0.926
2020-08-11,-0.3818,0.0,0.094,0.906
2020-08-11,0.0,0.0,0.0,1.0
2020-08-11,0.368,0.099,0.0,0.901
2020-08-11,0.6369,0.255,0.116,0.629
2020-08-12,0.3818,0.088,0.0,0.912
2020-08-12,0.0,0.0,0.0,1.0
2020-08-12,-0.4215,0.0,0.094,0.906
2020-08-12,-0.6808,0.049,0.232,0.719
2020-08-12,0.3182,0.081,0.0,0.919
2020-08-12,0.4466,0.128,0.0,0.872
2020-08-12,0.5267,0.14,0.0,0.86
2020-08-12,0.0,0.0,0.0,1.0
2020-08-12,0.6249,0.169,0.0,0.831
2020-08-13,0.4215,0.101,0.0,0.899
2020-08-13,0.0,0.0,0.0,1.0
2020-08-13,0.0,0.0,0.0,1.0
2020-08-13,0.1779,0.091,0.068,0.841
2020-08-13,0.4939,0.122,0.0,0.878
2020-08-13,0.3182,0.091,0.0,0.909
2020-08-13,0.0,0.0,0.0,1.0
2020-08-14,0.0,0.0,0.0,1.0
2020-08-14,-0.1027,0.0,0.053,0.947
2020-08-14,0.0,0.0,0.0,1.0
2020-08-14,0.0,0.0,0.0,1.0
2020-08-14,0.0,0.0,0.0,1.0
2020-08-16,0.0,0.0,0.0,1.0
2020-08-16,0.742,0.208,0.0,0.792
2020-08-17,0.5267,0.15,0.0,0.85
2020-08-17,0.0,0.0,0.0,1.0
2020-08-18,-0.4019,0.0,0.101,0.899
2020-08-18,0.0,0.0,0.0,1.0
2020-08-18,0.0258,0.116,0.112,0.773
2020-08-18,0.0,0.0,0.0,1.0
2020-08-19,0.2732,0.07,0.0,0.93
2020-08-19,0.6369,0.178,0.0,0.822
2020-08-19,0.0,0.0,0.0,1.0
2020-08-19,-0.5719,0.082,0.197,0.721
2020-08-19,-0.3818,0.0,0.12,0.88
2020-08-19,-0.4767,0.0,0.119,0.881
2020-08-20,0.4215,0.123,0.0,0.877
2020-08-20,0.0,0.0,0.0,1.0
2020-08-20,0.7003,0.201,0.0,0.799
2020-08-20,0.0,0.0,0.0,1.0
2020-08-20,-0.4019,0.0,0.097,0.903
2020-08-20,0.0,0.0,0.0,1.0
2020-08-21,0.7184,0.207,0.0,0.793
2020-08-21,0.0,0.0,0.0,1.0
2020-08-21,0.0258,0.046,0.0,0.954
2020-08-21,0.0,0.0,0.0,1.0
2020-08-21,0.3818,0.133,0.0,0.867
2020-08-21,0.9042,0.398,0.0,0.602
2020-08-21,0.0,0.0,0.0,1.0
2020-08-21,0.5574,0.153,0.0,0.847
2020-08-21,0.3818,0.173,0.122,0.705
2020-08-21,0.0,0.0,0.0,1.0
2020-08-21,0.0,0.0,0.0,1.0
2020-08-21,-0.0516,0.0,0.05,0.95
2020-08-21,0.1779,0.066,0.0,0.934
2020-08-21,-0.1027,0.0,0.091,0.909
2020-08-22,0.0,0.0,0.0,1.0
2020-08-23,0.0,0.0,0.0,1.0
2020-08-23,0.0,0.0,0.0,1.0
2020-08-24,0.0,0.0,0.0,1.0
2020-08-24,0.0,0.0,0.0,1.0
2020-08-24,0.0,0.0,0.0,1.0
2020-08-24,0.2023,0.062,0.0,0.938
2020-08-24,-0.296,0.0,0.109,0.891
2020-08-24,-0.4019,0.0,0.101,0.899
2020-08-24,0.6808,0.228,0.0,0.772
2020-08-25,0.296,0.081,0.0,0.919
2020-08-25,0.0,0.0,0.0,1.0
2020-08-25,-0.296,0.0,0.084,0.916
2020-08-25,0.2023,0.164,0.141,0.696
2020-08-25,0.0,0.0,0.0,1.0
2020-08-25,0.4215,0.104,0.0,0.896
2020-08-25,0.4497,0.166,0.051,0.783
2020-08-26,0.0,0.0,0.0,1.0
2020-08-26,0.2023,0.079,0.0,0.921
2020-08-26,0.5859,0.147,0.0,0.853
2020-08-26,0.4215,0.101,0.0,0.899
2020-08-26,-0.5423,0.0,0.143,0.857
2020-08-26,0.0,0.0,0.0,1.0
2020-08-26,0.4767,0.119,0.0,0.881
2020-08-26,0.0,0.0,0.0,1.0
2020-08-26,0.0,0.0,0.0,1.0
2020-08-27,0.8316,0.231,0.0,0.769
2020-08-27,0.0,0.0,0.0,1.0
2020-08-27,0.5719,0.198,0.0,0.802
2020-08-27,0.4767,0.119,0.0,0.881
2020-08-27,-0.3182,0.0,0.078,0.922
2020-08-27,0.0,0.0,0.0,1.0
2020-08-27,0.0,0.0,0.0,1.0
2020-08-28,0.6908,0.259,0.0,0.741
2020-08-28,0.0,0.0,0.0,1.0
2020-08-28,0.4215,0.118,0.0,0.882
2020-08-28,0.0,0.0,0.0,1.0
2020-08-28,0.0,0.0,0.0,1.0
2020-08-28,0.4466,0.113,0.0,0.887
2020-08-28,0.25,0.1,0.0,0.9
2020-08-28,0.4215,0.109,0.0,0.891
2020-08-28,0.0,0.0,0.0,1.0
2020-08-29,0.5994,0.14,0.0,0.86
2020-08-31,0.7579,0.2,0.0,0.8
2020-08-31,0.4084,0.115,0.0,0.885
2020-08-31,0.5423,0.158,0.0,0.842
2020-08-31,0.34,0.103,0.0,0.897
2020-08-31,0.0,0.0,0.0,1.0
2020-08-31,0.0,0.0,0.0,1.0
2020-09-01,0.296,0.115,0.0,0.885
2020-09-01,0.0,0.0,0.0,1.0
2020-09-01,0.3818,0.087,0.037,0.875
2020-09-01,0.0,0.0,0.0,1.0
2020-09-01,0.0,0.0,0.0,1.0
2020-09-01,0.0,0.0,0.0,1.0
2020-09-02,0.8225,0.256,0.0,0.744
2020-09-02,-0.4118,0.124,0.144,0.732
2020-09-02,0.0,0.0,0.0,1.0
2020-09-02,0.0,0.0,0.0,1.0
2020-09-02,0.0,0.0,0.0,1.0
2020-09-03,0.4767,0.11,0.0,0.89
2020-09-03,-0.1027,0.093,0.107,0.8
2020-09-03,-0.3724,0.0,0.096,0.904
2020-09-03,-0.296,0.0,0.087,0.913
2020-09-03,0.0258,0.046,0.0,0.954
2020-09-03,-0.4404,0.0,0.108,0.892
2020-09-03,0.0,0.0,0.0,1.0
2020-09-03,0.0,0.0,0.0,1.0
2020-09-03,-0.3865,0.0,0.078,0.922
2020-09-03,0.7003,0.225,0.0,0.775
2020-09-03,0.6115,0.166,0.0,0.834
2020-09-03,0.7717,0.205,0.0,0.795
2020-09-03,0.0,0.0,0.0,1.0
2020-09-04,-0.3612,0.0,0.082,0.918
2020-09-04,0.3612,0.102,0.0,0.898
2020-09-04,0.4215,0.101,0.0,0.899
2020-09-04,0.0,0.0,0.0,1.0
2020-09-04,0.4019,0.172,0.0,0.828
2020-09-04,0.0,0.0,0.0,1.0
2020-09-04,0.2263,0.091,0.0,0.909
2020-09-05,0.4215,0.141,0.0,0.859
2020-09-05,0.4215,0.101,0.0,0.899
2020-09-06,0.0,0.0,0.0,1.0
2020-09-06,0.6597,0.167,0.0,0.833
2020-09-07,0.194,0.119,0.053,0.828
2020-09-07,0.659,0.149,0.0,0.851
2020-09-07,0.0,0.0,0.0,1.0
2020-09-08,0.8779,0.335,0.0,0.665
2020-09-08,0.5267,0.173,0.0,0.827
2020-09-08,-0.34,0.0,0.107,0.893
2020-09-08,-0.2235,0.0,0.068,0.932
2020-09-08,0.2023,0.07,0.0,0.93
2020-09-08,0.0,0.0,0.0,1.0
2020-09-08,0.0,0.0,0.0,1.0
2020-09-08,0.2263,0.079,0.0,0.921
2020-09-08,-0.5106,0.0,0.125,0.875
2020-09-08,0.0,0.0,0.0,1.0
2020-09-09,0.5574,0.167,0.0,0.833
2020-09-09,-0.3818,0.0,0.126,0.874
2020-09-09,0.6597,0.221,0.0,0.779
2020-09-09,0.8316,0.282,0.0,0.718
2020-09-09,-0.296,0.0,0.081,0.919
2020-09-09,0.7269,0.272,0.0,0.728
2020-09-09,0.0,0.0,0.0,1.0
2020-09-09,0.4404,0.132,0.0,0.868
2020-09-09,0.0,0.0,0.0,1.0
2020-09-09,0.3489,0.103,0.063,0.834
2020-09-09,0.0,0.0,0.0,1.0
2020-09-09,0.5789,0.13,0.0,0.87
2020-09-09,0.4019,0.119,0.0,0.881
2020-09-09,-0.1027,0.088,0.104,0.808
2020-09-09,0.2263,0.079,0.0,0.921
2020-09-09,0.0,0.0,0.0,1.0
2020-09-09,0.0,0.0,0.0,1.0
2020-09-09,0.8442,0.305,0.0,0.695
2020-09-10,0.4019,0.109,0.0,0.891
2020-09-10,-0.296,0.0,0.073,0.927
2020-09-10,0.25,0.077,0.0,0.923
2020-09-10,0.2732,0.08,0.0,0.92
2020-09-10,0.0,0.0,0.0,1.0
2020-09-10,0.0,0.0,0.0,1.0
2020-09-10,0.2732,0.084,0.0,0.916
2020-09-10,0.0,0.0,0.0,1.0
2020-09-10,-0.6369,0.0,0.212,0.788
2020-09-10,0.2732,0.124,0.0,0.876
2020-09-10,0.0,0.0,0.0,1.0
2020-09-11,0.0,0.0,0.0,1.0
2020-09-11,-0.5719,0.0,0.113,0.887
2020-09-11,0.4404,0.091,0.0,0.909
2020-09-11,-0.4588,0.109,0.211,0.68
2020-09-12,-0.34,0.0,0.107,0.893
2020-09-12,0.3182,0.081,0.0,0.919
2020-09-13,0.0,0.0,0.0,1.0
2020-09-13,-0.1027,0.0,0.055,0.945
2020-09-13,0.4767,0.103,0.0,0.897
2020-09-14,0.7845,0.256,0.0,0.744
2020-09-14,-0.2023,0.0,0.076,0.924
2020-09-14,0.4215,0.118,0.0,0.882
2020-09-14,0.34,0.079,0.0,0.921
2020-09-14,0.0,0.0,0.0,1.0
2020-09-14,0.1027,0.06,0.0,0.94
2020-09-14,0.0,0.0,0.0,1.0
2020-09-14,0.743,0.231,0.0,0.769
2020-09-14,0.5106,0.102,0.0,0.898
2020-09-14,0.0,0.0,0.0,1.0
2020-09-14,0.0,0.0,0.0,1.0
2020-09-14,-0.5106,0.0,0.125,0.875
2020-09-15,0.3818,0.098,0.0,0.902
2020-09-15,0.0,0.0,0.0,1.0
2020-09-15,0.3818,0.088,0.0,0.912
2020-09-15,0.0,0.0,0.0,1.0
2020-09-15,0.0,0.0,0.0,1.0
2020-09-15,0.0,0.0,0.0,1.0
2020-09-15,0.7906,0.267,0.0,0.733
2020-09-15,-0.4019,0.0,0.114,0.886
2020-09-15,0.4404,0.097,0.0,0.903
2020-09-15,0.0,0.0,0.0,1.0
2020-09-15,0.0,0.0,0.0,1.0
2020-09-15,0.0,0.0,0.0,1.0
2020-09-15,0.4767,0.107,0.0,0.893
2020-09-15,0.6808,0.196,0.0,0.804
2020-09-15,0.0,0.0,0.0,1.0
2020-09-15,0.296,0.111,0.072,0.817
2020-09-15,-0.4588,0.0,0.138,0.862
2020-09-15,0.2263,0.079,0.0,0.921
2020-09-15,0.0,0.0,0.0,1.0
2020-09-16,0.3612,0.098,0.0,0.902
2020-09-16,0.0,0.0,0.0,1.0
2020-09-16,-0.0772,0.0,0.071,0.929
2020-09-16,0.0,0.0,0.0,1.0
2020-09-16,0.7351,0.193,0.0,0.807
2020-09-16,0.3612,0.128,0.0,0.872
2020-09-16,0.0,0.0,0.0,1.0
2020-09-16,0.4019,0.161,0.07,0.769
2020-09-16,0.3818,0.12,0.0,0.88
2020-09-16,-0.1027,0.088,0.104,0.808
2020-09-16,-0.6369,0.0,0.212,0.788
2020-09-16,0.2263,0.079,0.0,0.921
2020-09-16,0.1779,0.072,0.0,0.928
2020-09-17,0.296,0.095,0.0,0.905
2020-09-17,0.3612,0.098,0.0,0.902
2020-09-17,0.3182,0.095,0.0,0.905
2020-09-17,0.0,0.0,0.0,1.0
2020-09-17,0.4215,0.094,0.0,0.906
2020-09-17,0.6249,0.175,0.0,0.825
2020-09-17,0.6124,0.185,0.0,0.815
2020-09-17,0.0,0.0,0.0,1.0
2020-09-17,0.296,0.084,0.0,0.916
2020-09-17,0.296,0.095,0.0,0.905
2020-09-17,-0.0258,0.0,0.046,0.954
2020-09-17,0.0,0.0,0.0,1.0
2020-09-17,0.0,0.0,0.0,1.0
2020-09-17,0.4767,0.22,0.0,0.78
2020-09-17,0.5106,0.13,0.0,0.87
2020-09-18,-0.296,0.0,0.109,0.891
2020-09-18,-0.2023,0.133,0.163,0.704
2020-09-18,0.4215,0.113,0.0,0.887
2020-09-18,0.296,0.073,0.0,0.927
2020-09-18,0.5947,0.169,0.0,0.831
2020-09-18,0.3818,0.094,0.0,0.906
2020-09-18,-0.6154,0.097,0.238,0.665
2020-09-18,0.0,0.0,0.0,1.0
2020-09-18,0.0,0.0,0.0,1.0
2020-09-18,-0.25,0.2,0.24,0.56
2020-09-18,0.128,0.07,0.0,0.93
2020-09-19,0.4939,0.11,0.0,0.89
2020-09-19,0.5106,0.13,0.0,0.87
2020-09-20,-0.678,0.082,0.211,0.707
2020-09-20,0.5499,0.159,0.0,0.841
2020-09-20,0.2732,0.158,0.125,0.716
2020-09-21,0.4939,0.127,0.0,0.873
2020-09-21,0.296,0.084,0.0,0.916
2020-09-21,-0.6597,0.0,0.167,0.833
2020-09-21,-0.5994,0.061,0.193,0.746
2020-09-21,0.5994,0.159,0.0,0.841
2020-09-22,0.0,0.0,0.0,1.0
2020-09-22,0.4588,0.162,0.049,0.789
2020-09-22,0.9451,0.448,0.0,0.552
2020-09-22,-0.0516,0.195,0.202,0.603
2020-09-22,0.7269,0.21,0.0,0.79
2020-09-22,0.0,0.0,0.0,1.0
2020-09-22,0.2263,0.079,0.0,0.921
2020-09-22,0.4215,0.101,0.0,0.899
2020-09-22,0.4939,0.127,0.0,0.873
2020-09-23,0.4939,0.122,0.0,0.878
2020-09-23,0.4939,0.127,0.0,0.873
2020-09-23,0.3182,0.108,0.0,0.892
2020-09-23,0.3182,0.095,0.0,0.905
2020-09-23,0.2263,0.17,0.104,0.727
2020-09-23,0.4939,0.127,0.0,0.873
2020-09-23,0.0,0.0,0.0,1.0
2020-09-24,0.0,0.0,0.0,1.0
2020-09-24,0.8176,0.284,0.0,0.716
2020-09-24,0.4019,0.105,0.0,0.895
2020-09-24,0.6597,0.197,0.0,0.803
2020-09-24,0.0,0.0,0.0,1.0
2020-09-24,0.0,0.0,0.0,1.0
2020-09-24,0.4939,0.132,0.0,0.868
2020-09-24,0.0,0.0,0.0,1.0
2020-09-24,0.3167,0.084,0.0,0.916
2020-09-24,-0.4588,0.109,0.211,0.68
2020-09-24,-0.5106,0.079,0.216,0.705
2020-09-25,0.0,0.0,0.0,1.0
2020-09-25,0.7269,0.262,0.0,0.738
2020-09-25,0.0,0.0,0.0,1.0
2020-09-25,0.7506,0.218,0.0,0.782
2020-09-25,-0.7574,0.0,0.206,0.794
2020-09-25,0.5106,0.13,0.0,0.87
2020-09-25,0.0516,0.099,0.092,0.81
2020-09-25,0.5346,0.137,0.0,0.863
2020-09-27,-0.1027,0.088,0.104,0.808
2020-09-28,0.0,0.0,0.0,1.0
2020-09-28,0.6597,0.213,0.0,0.787
2020-09-28,0.0,0.0,0.0,1.0
2020-09-28,-0.2732,0.0,0.075,0.925
2020-09-28,0.0,0.0,0.0,1.0
2020-09-28,0.0,0.0,0.0,1.0
2020-09-28,0.0,0.0,0.0,1.0
2020-09-28,0.4754,0.11,0.0,0.89
2020-09-28,-0.6369,0.0,0.224,0.776
2020-09-28,0.3182,0.091,0.0,0.909
2020-09-29,0.2732,0.084,0.0,0.916
2020-09-29,0.6808,0.211,0.0,0.789
2020-09-29,0.8176,0.27,0.0,0.73
2020-09-29,0.0,0.0,0.0,1.0
2020-09-29,0.6369,0.179,0.042,0.779
2020-09-29,0.7579,0.265,0.0,0.735
2020-09-29,0.6249,0.175,0.0,0.825
2020-09-29,0.0,0.0,0.0,1.0
2020-09-29,0.2263,0.079,0.0,0.921
2020-09-30,0.0,0.0,0.0,1.0
2020-09-30,-0.5106,0.059,0.174,0.767
2020-09-30,-0.3818,0.0,0.098,0.902
2020-09-30,0.0,0.0,0.0,1.0
2020-09-30,0.128,0.067,0.0,0.933
2020-09-30,0.6908,0.206,0.0,0.794
2020-09-30,0.0,0.0,0.0,1.0
2020-09-30,0.0,0.0,0.0,1.0
2020-09-30,0.2023,0.062,0.0,0.938
2020-09-30,-0.4588,0.109,0.211,0.68
2020-09-30,0.5106,0.13,0.0,0.87
2020-09-30,-0.3818,0.0,0.11,0.89
2020-09-30,0.0,0.0,0.0,1.0
2020-09-30,0.0,0.0,0.0,1.0
2020-09-30,0.7717,0.271,0.0,0.729
2020-10-01,0.0,0.0,0.0,1.0
2020-10-01,0.0,0.0,0.0,1.0
2020-10-01,-0.8885,0.0,0.325,0.675
2020-10-01,-0.4767,0.0,0.11,0.89
2020-10-02,0.0,0.0,0.0,1.0
2020-10-02,0.4404,0.179,0.055,0.766
2020-10-02,-0.1027,0.164,0.145,0.691
2020-10-04,0.714,0.256,0.05,0.693
2020-10-04,-0.4957,0.0,0.094,0.906
2020-10-05,0.0,0.0,0.0,1.0
2020-10-05,-0.0772,0.0,0.071,0.929
2020-10-05,0.0,0.0,0.0,1.0
2020-10-05,0.1796,0.066,0.0,0.934
2020-10-05,0.5423,0.137,0.0,0.863
2020-10-05,-0.1027,0.088,0.104,0.808
2020-10-06,0.0,0.0,0.0,1.0
2020-10-06,0.0,0.0,0.0,1.0
2020-10-06,-0.4767,0.0,0.124,0.876
2020-10-06,0.0,0.0,0.0,1.0
2020-10-06,-0.3182,0.086,0.142,0.773
2020-10-07,0.4019,0.097,0.0,0.903
2020-10-07,0.3612,0.094,0.0,0.906
2020-10-07,-0.3818,0.0,0.106,0.894
2020-10-07,-0.3818,0.0,0.094,0.906
2020-10-07,0.4767,0.11,0.0,0.89
2020-10-07,0.0,0.0,0.0,1.0
2020-10-07,-0.3818,0.0,0.133,0.867
2020-10-08,0.0,0.0,0.0,1.0
2020-10-08,0.0,0.0,0.0,1.0
2020-10-08,0.0,0.0,0.0,1.0
2020-10-08,0.5267,0.181,0.05,0.769
2020-10-08,-0.1027,0.088,0.104,0.808
2020-10-09,-0.8271,0.0,0.259,0.741
2020-10-09,0.1779,0.064,0.0,0.936
2020-10-09,-0.1779,0.099,0.159,0.742
2020-10-09,0.0,0.0,0.0,1.0
2020-10-09,-0.4767,0.0,0.103,0.897
2020-10-09,0.3818,0.12,0.0,0.88
2020-10-12,-0.1027,0.0,0.053,0.947
2020-10-13,0.3818,0.091,0.0,0.909
2020-10-13,0.4939,0.122,0.0,0.878
2020-10-13,-0.4939,0.148,0.207,0.645
2020-10-13,-0.296,0.0,0.091,0.909
2020-10-14,0.0,0.0,0.0,1.0
2020-10-14,0.0,0.0,0.0,1.0
2020-10-14,0.4019,0.105,0.0,0.895
2020-10-14,0.2023,0.07,0.0,0.93
2020-10-14,0.0,0.0,0.0,1.0
2020-10-14,0.296,0.128,0.0,0.872
2020-10-14,0.0,0.0,0.0,1.0
2020-10-15,0.4939,0.118,0.0,0.882
2020-10-15,0.0,0.0,0.0,1.0
2020-10-16,0.1754,0.108,0.081,0.81
2020-10-16,0.0,0.0,0.0,1.0
2020-10-16,0.5574,0.167,0.0,0.833
2020-10-16,0.508,0.157,0.0,0.843
2020-10-16,0.0,0.0,0.0,1.0
2020-10-16,0.0,0.0,0.0,1.0
2020-10-18,0.4215,0.109,0.0,0.891
2020-10-19,0.2924,0.08,0.0,0.92
2020-10-19,0.0,0.0,0.0,1.0
2020-10-20,0.4019,0.124,0.0,0.876
2020-10-20,0.5106,0.13,0.0,0.87
2020-10-20,0.0,0.0,0.0,1.0
2020-10-20,0.7506,0.243,0.0,0.757
2020-10-21,0.0,0.0,0.0,1.0
2020-10-21,0.0,0.0,0.0,1.0
2020-10-21,0.1027,0.06,0.0,0.94
2020-10-21,0.5499,0.124,0.0,0.876
2020-10-22,0.0,0.0,0.0,1.0
2020-10-22,0.4767,0.114,0.0,0.886
2020-10-22,0.4019,0.119,0.0,0.881
2020-10-22,0.0,0.0,0.0,1.0
2020-10-22,0.0,0.0,0.0,1.0
2020-10-22,0.1901,0.061,0.0,0.939
2020-10-22,0.2263,0.071,0.0,0.929
2020-10-22,0.6908,0.186,0.0,0.814
2020-10-22,0.6389,0.192,0.0,0.808
2020-10-23,-0.1531,0.0,0.068,0.932
2020-10-23,0.5106,0.183,0.083,0.734
2020-10-23,0.5574,0.247,0.0,0.753
2020-10-23,0.0,0.0,0.0,1.0
2020-10-25,0.4927,0.109,0.0,0.891
2020-10-26,0.0258,0.05,0.0,0.95
2020-10-26,0.0,0.0,0.0,1.0
2020-10-26,0.1779,0.077,0.052,0.871
2020-10-26,0.1779,0.096,0.0,0.904
2020-10-26,0.0,0.0,0.0,1.0
2020-10-27,0.0,0.0,0.0,1.0
2020-10-27,0.5413,0.127,0.0,0.873
2020-10-27,0.4404,0.158,0.049,0.792
2020-10-27,0.0,0.0,0.0,1.0
2020-10-27,0.0,0.0,0.0,1.0
2020-10-27,0.0,0.0,0.0,1.0
2020-10-27,0.0,0.0,0.0,1.0
2020-10-27,0.0,0.0,0.0,1.0
2020-10-28,0.8126,0.259,0.0,0.741
2020-10-28,-0.3182,0.0,0.099,0.901
2020-10-28,0.2732,0.084,0.0,0.916
2020-10-28,0.0,0.0,0.0,1.0
2020-10-28,0.0,0.0,0.0,1.0
2020-10-28,0.6249,0.188,0.0,0.812
2020-10-28,0.2263,0.073,0.0,0.927
2020-10-29,0.1027,0.053,0.0,0.947
2020-10-29,0.0,0.0,0.0,1.0
2020-10-29,0.0,0.0,0.0,1.0
2020-10-30,0.6486,0.225,0.064,0.712
2020-11-01,0.5913,0.129,0.0,0.871
2020-11-02,0.0,0.0,0.0,1.0
2020-11-02,0.0516,0.044,0.0,0.956
2020-11-03,0.128,0.07,0.0,0.93
2020-11-04,0.6801,0.183,0.0,0.817
2020-11-06,0.0,0.0,0.0,1.0
2020-11-06,0.2732,0.072,0.0,0.928
2020-11-06,0.8074,0.283,0.0,0.717
2020-11-06,-0.296,0.0,0.071,0.929
2020-12-01,0.6597,0.204,0.0,0.796
2020-12-01,0.9202,0.353,0.0,0.647
2020-12-01,0.2023,0.102,0.109,0.789
2020-12-01,-0.0258,0.083,0.086,0.831
2020-12-01,0.0,0.0,0.0,1.0
2020-12-01,0.7884,0.232,0.0,0.768
2020-12-01,0.3875,0.089,0.0,0.911
2020-12-01,-0.0258,0.0,0.044,0.956
2020-12-01,0.0,0.0,0.0,1.0
2020-12-01,0.4215,0.109,0.0,0.891
2020-12-01,0.4215,0.104,0.0,0.896
2020-12-01,0.25,0.069,0.0,0.931
2020-12-01,0.4588,0.13,0.0,0.87
2020-12-01,0.0,0.0,0.0,1.0
2020-12-01,0.0,0.0,0.0,1.0
2020-12-01,0.0,0.0,0.0,1.0
2020-12-01,0.296,0.081,0.0,0.919
2020-12-01,0.0,0.0,0.0,1.0
2020-12-01,0.7783,0.281,0.0,0.719
2020-12-01,0.5046,0.122,0.04,0.837
2020-12-01,0.0,0.0,0.0,1.0
2020-12-01,0.6808,0.237,0.0,0.763
2020-12-01,0.1779,0.061,0.0,0.939
2020-12-01,-0.3818,0.0,0.098,0.902
2020-12-01,0.4215,0.094,0.0,0.906
2020-12-01,0.2263,0.11,0.078,0.813
2020-12-01,0.7096,0.197,0.0,0.803
2020-12-01,0.0,0.0,0.0,1.0
2020-12-01,0.0258,0.046,0.0,0.954
2020-12-01,0.4019,0.105,0.0,0.895
2020-12-01,-0.3818,0.0,0.11,0.89
2020-12-01,0.0,0.0,0.0,1.0
2020-12-01,0.5423,0.158,0.0,0.842
2020-12-01,0.5574,0.141,0.0,0.859
2020-12-01,0.2023,0.067,0.0,0.933
2020-12-01,0.0,0.0,0.0,1.0
2020-12-01,0.2263,0.064,0.0,0.936
2020-12-01,-0.3612,0.0,0.122,0.878
2020-12-01,-0.4404,0.0,0.094,0.906
2020-12-01,0.0,0.0,0.0,1.0
2020-12-01,0.0,0.0,0.0,1.0
2020-12-01,0.6003,0.164,0.076,0.76
2020-12-01,0.8442,0.252,0.0,0.748
2020-12-01,0.7783,0.221,0.0,0.779
2020-12-01,0.4019,0.105,0.0,0.895
2020-12-01,-0.4019,0.12,0.224,0.656
2020-12-01,0.4767,0.124,0.0,0.876
2020-12-01,0.5267,0.154,0.054,0.792
2020-12-01,0.4404,0.108,0.0,0.892
2020-12-01,0.6369,0.154,0.0,0.846
2020-12-01,0.4215,0.104,0.0,0.896
2020-12-01,0.7783,0.271,0.0,0.729
2020-12-01,-0.1027,0.0,0.053,0.947
2020-12-01,0.6808,0.196,0.0,0.804
2020-12-01,0.0,0.0,0.0,1.0
2020-12-01,0.5106,0.145,0.052,0.803
2020-12-01,0.4215,0.097,0.0,0.903
2020-12-01,0.3612,0.091,0.0,0.909
2020-12-01,0.0,0.0,0.0,1.0
2020-12-01,0.7906,0.259,0.0,0.741
2020-12-01,0.5574,0.18,0.0,0.82
2020-12-01,0.1779,0.069,0.0,0.931
2020-12-01,0.6557,0.156,0.0,0.844
2020-12-01,0.4404,0.097,0.0,0.903
2020-12-01,0.128,0.101,0.085,0.814
2020-12-01,0.0,0.0,0.0,1.0
2020-12-01,0.7115,0.233,0.067,0.701
2020-12-01,-0.2732,0.061,0.098,0.842
2020-12-01,0.743,0.267,0.0,0.733
2020-12-01,-0.5423,0.0,0.158,0.842
2020-12-01,0.4215,0.219,0.0,0.781
2020-12-01,0.0,0.0,0.0,1.0
2020-12-01,0.0,0.0,0.0,1.0
2020-12-01,0.4404,0.121,0.0,0.879
2020-12-01,0.3384,0.098,0.0,0.902
2020-12-01,0.4588,0.099,0.035,0.865
2020-12-01,0.0,0.0,0.0,1.0
2020-12-01,0.0,0.0,0.0,1.0
2020-12-01,0.2263,0.064,0.0,0.936
2020-12-01,-0.296,0.0,0.073,0.927
2020-12-01,0.4215,0.097,0.0,0.903
2020-12-01,0.5106,0.136,0.0,0.864
2020-12-01,0.4588,0.154,0.0,0.846
2020-12-01,0.7003,0.209,0.0,0.791
2020-12-01,0.5719,0.134,0.0,0.866
2020-12-01,0.6486,0.175,0.0,0.825
2020-12-01,0.6597,0.205,0.0,0.795
2020-12-01,0.902,0.345,0.0,0.655
2020-12-01,-0.128,0.129,0.178,0.693
2020-12-01,0.5106,0.125,0.0,0.875
2020-12-01,0.4767,0.129,0.0,0.871
2020-12-01,0.3818,0.11,0.0,0.89
2020-12-01,0.0,0.0,0.0,1.0
2020-12-01,0.2732,0.084,0.0,0.916
2020-12-01,0.2023,0.083,0.0,0.917
2020-12-01,0.5423,0.191,0.0,0.809
2020-12-01,0.0,0.0,0.0,1.0
2020-12-01,0.0,0.0,0.0,1.0
2020-12-01,0.0,0.0,0.0,1.0
2020-12-01,0.0,0.0,0.0,1.0
2020-12-01,0.0,0.0,0.0,1.0
2020-12-01,0.0258,0.046,0.0,0.954
2020-12-01,0.5574,0.13,0.0,0.87
2020-12-01,0.0,0.0,0.0,1.0
2020-12-01,0.34,0.091,0.0,0.909
2020-12-01,0.5859,0.186,0.068,0.745
2020-12-01,0.0,0.0,0.0,1.0
2020-12-01,0.0516,0.089,0.083,0.828
2020-12-01,0.4588,0.128,0.045,0.826
2020-12-01,0.4767,0.114,0.0,0.886
2020-12-01,0.0,0.0,0.0,1.0
2020-12-01,0.0,0.0,0.0,1.0
2020-12-01,0.0,0.0,0.0,1.0
2020-12-01,0.0516,0.095,0.088,0.817
2020-12-01,0.0,0.0,0.0,1.0
2020-12-01,0.0,0.0,0.0,1.0
2020-12-01,0.8442,0.259,0.0,0.741
2020-12-01,-0.2263,0.0,0.104,0.896
2020-12-01,0.0,0.0,0.0,1.0
2020-12-01,-0.3182,0.0,0.078,0.922
2020-12-01,0.4019,0.101,0.0,0.899
2020-12-01,0.5267,0.155,0.0,0.845
2020-12-01,0.5719,0.139,0.0,0.861
2020-12-01,-0.2584,0.0,0.085,0.915
2020-12-01,0.5574,0.135,0.0,0.865
2020-12-01,-0.296,0.0,0.078,0.922
2020-12-01,0.5423,0.123,0.0,0.877
2020-12-01,0.1779,0.076,0.051,0.873
2020-12-01,0.1027,0.099,0.121,0.78
2020-12-01,0.7391,0.221,0.0,0.779
2020-12-01,0.0,0.0,0.0,1.0
2020-12-01,0.0,0.0,0.0,1.0
2020-12-01,0.624,0.188,0.0,0.812
2020-12-01,0.4939,0.154,0.0,0.846
2020-12-01,-0.4215,0.0,0.097,0.903
2020-12-01,0.0,0.0,0.0,1.0
2020-12-01,0.0,0.0,0.0,1.0
2020-12-01,0.0,0.0,0.0,1.0
2020-12-01,0.5267,0.139,0.0,0.861
2020-12-01,0.0,0.0,0.0,1.0
2020-12-01,0.0,0.0,0.0,1.0
2020-12-01,0.0,0.0,0.0,1.0
2020-12-01,0.0258,0.046,0.0,0.954
2020-12-01,0.5574,0.13,0.0,0.87
2020-12-01,0.7906,0.267,0.0,0.733
2020-12-01,0.0,0.0,0.0,1.0
2020-12-01,-0.2732,0.0,0.07,0.93
2020-12-01,0.128,0.112,0.094,0.794
2020-12-01,0.296,0.075,0.0,0.925
2020-12-01,0.5719,0.139,0.0,0.861
2020-12-01,0.5106,0.183,0.113,0.703
2020-12-01,0.5267,0.155,0.0,0.845
2020-12-01,0.4767,0.103,0.0,0.897
2020-12-01,0.743,0.201,0.0,0.799
2020-12-01,0.7783,0.271,0.0,0.729
2020-12-01,0.6369,0.167,0.0,0.833
2020-12-01,0.0,0.0,0.0,1.0
2020-12-01,0.0,0.0,0.0,1.0
2020-12-01,0.802,0.233,0.0,0.767
2020-12-01,0.2846,0.093,0.0,0.907
2020-12-01,0.0,0.0,0.0,1.0
2020-12-01,0.0,0.0,0.0,1.0
2020-12-01,0.0,0.0,0.0,1.0
2020-12-01,-0.7096,0.0,0.264,0.736
2020-12-01,0.34,0.098,0.0,0.902
2020-12-01,0.0,0.0,0.0,1.0
2020-12-01,-0.296,0.0,0.068,0.932
2020-12-01,0.0258,0.221,0.189,0.59
2020-12-01,0.4767,0.151,0.0,0.849
2020-12-01,0.4404,0.108,0.0,0.892
2020-12-01,0.0,0.0,0.0,1.0
2020-12-01,0.0387,0.044,0.0,0.956
2020-12-01,0.8253,0.292,0.0,0.708
2020-12-01,0.5267,0.124,0.0,0.876
2020-12-01,0.6059,0.163,0.037,0.8
2020-12-01,0.765,0.258,0.037,0.705
2020-12-01,0.3919,0.214,0.165,0.62
2020-12-01,0.0,0.0,0.0,1.0
2020-12-01,0.0422,0.11,0.105,0.785
2020-12-01,0.0,0.0,0.0,1.0
2020-12-01,0.0,0.0,0.0,1.0
2020-12-01,-0.296,0.0,0.075,0.925
2020-12-01,0.4215,0.113,0.0,0.887
2020-12-01,0.4019,0.105,0.0,0.895
2020-12-01,0.4588,0.143,0.0,0.857
2020-12-01,0.4939,0.195,0.091,0.714
2020-12-01,0.0,0.0,0.0,1.0
2020-12-01,0.0,0.0,0.0,1.0
2020-12-01,0.0,0.0,0.0,1.0
2020-12-01,0.4019,0.124,0.0,0.876
2020-12-01,0.5267,0.145,0.0,0.855
2020-12-01,0.224,0.093,0.066,0.841
2020-12-01,0.0,0.0,0.0,1.0
2020-12-01,-0.1531,0.077,0.095,0.828
2020-12-01,0.4019,0.114,0.0,0.886
2020-12-01,0.6486,0.189,0.039,0.772
2020-12-01,0.0,0.0,0.0,1.0
2020-12-01,0.3612,0.091,0.0,0.909
2020-12-01,0.2023,0.095,0.071,0.833
2020-12-01,-0.2023,0.058,0.094,0.848
2020-12-01,0.0,0.0,0.0,1.0
2020-12-01,0.0,0.0,0.0,1.0
2020-12-01,0.0,0.0,0.0,1.0
2020-12-01,0.0,0.0,0.0,1.0
2020-12-01,0.7579,0.22,0.0,0.78
2020-12-01,-0.0,0.143,0.11,0.747
2020-12-01,0.0,0.0,0.0,1.0
2020-12-01,0.7717,0.211,0.0,0.789
2020-12-01,0.5267,0.145,0.0,0.855
2020-12-01,0.0,0.114,0.114,0.772
2020-12-01,0.0,0.0,0.0,1.0
2020-12-01,0.0772,0.056,0.0,0.944
2020-12-01,0.4767,0.124,0.0,0.876
2020-12-01,0.4767,0.129,0.0,0.871
2020-12-01,0.7122,0.22,0.048,0.733
2020-12-01,0.0,0.0,0.0,1.0
2020-12-01,0.0,0.0,0.0,1.0
2020-12-01,0.2805,0.068,0.033,0.9
2020-12-01,0.0,0.0,0.0,1.0
2020-12-01,0.0,0.0,0.0,1.0
2020-12-01,0.5849,0.156,0.0,0.844
2020-12-01,0.4767,0.119,0.0,0.881
2020-12-01,0.0,0.0,0.0,1.0
2020-12-01,0.0,0.0,0.0,1.0
2020-12-01,0.0,0.0,0.0,1.0
2020-12-01,0.2023,0.076,0.0,0.924
2020-12-01,0.4767,0.103,0.0,0.897
2020-12-01,0.3182,0.137,0.091,0.772
2020-12-01,0.9274,0.388,0.0,0.612
2020-12-01,0.4767,0.103,0.0,0.897
2020-12-01,0.4767,0.1,0.0,0.9
2020-12-01,-0.0258,0.083,0.086,0.831
2020-12-01,-0.2263,0.0,0.083,0.917
2020-12-01,0.0,0.0,0.0,1.0
2020-12-01,0.4215,0.141,0.0,0.859
2020-12-01,-0.0258,0.083,0.086,0.831
2020-12-01,0.296,0.075,0.0,0.925
2020-12-01,0.3818,0.153,0.0,0.847
2020-12-01,0.296,0.175,0.095,0.73
2020-12-01,0.4767,0.11,0.0,0.89
2020-12-01,0.4215,0.101,0.0,0.899
2020-12-01,0.4215,0.097,0.0,0.903
2020-12-01,0.5859,0.119,0.0,0.881
2020-12-01,0.8612,0.277,0.0,0.723
2020-12-01,0.0516,0.09,0.083,0.827
2020-12-01,0.5574,0.133,0.0,0.867
2020-12-01,0.6908,0.18,0.0,0.82
2020-12-01,0.2263,0.098,0.071,0.831
2020-12-01,-0.3818,0.0,0.094,0.906
2020-12-01,0.8402,0.216,0.0,0.784
2020-12-01,0.5719,0.144,0.0,0.856
2020-12-01,0.0,0.0,0.0,1.0
2020-12-01,-0.3818,0.0,0.094,0.906
2020-12-01,0.4215,0.101,0.0,0.899
2020-12-01,0.34,0.082,0.0,0.918
2020-12-01,0.5719,0.125,0.0,0.875
2020-12-01,0.4939,0.132,0.0,0.868
2020-12-01,0.0,0.0,0.0,1.0
2020-12-01,0.4767,0.119,0.0,0.881
2020-12-01,-0.1027,0.088,0.104,0.808
2020-12-01,-0.6597,0.0,0.145,0.855
2020-12-01,0.3818,0.181,0.09,0.729
2020-12-01,0.5719,0.121,0.0,0.879
2020-12-01,0.0516,0.11,0.102,0.787
2020-12-01,-0.2263,0.0,0.071,0.929
2020-12-01,0.25,0.1,0.0,0.9
2020-12-01,0.5859,0.167,0.0,0.833
2020-12-01,0.0,0.0,0.0,1.0
2020-12-01,0.3612,0.085,0.0,0.915
2020-12-01,0.0,0.0,0.0,1.0
2020-12-01,0.4404,0.203,0.096,0.701
2020-12-04,0.6808,0.172,0.0,0.828
2020-12-04,0.0,0.0,0.0,1.0
2020-12-04,0.765,0.297,0.0,0.703
2020-12-04,0.0,0.0,0.0,1.0
2020-12-11,-0.1027,0.075,0.092,0.833
2020-12-11,-0.6369,0.0,0.191,0.809
2020-12-11,0.7845,0.257,0.0,0.743
2020-12-11,0.0,0.0,0.0,1.0
2020-12-11,0.7264,0.209,0.0,0.791
2020-12-11,0.2023,0.06,0.0,0.94
2020-12-11,0.0,0.0,0.0,1.0
2020-12-11,-0.5719,0.0,0.164,0.836
2020-12-11,0.25,0.083,0.0,0.917
2020-12-11,-0.3818,0.0,0.11,0.89
2020-12-11,0.2732,0.084,0.0,0.916
2020-12-11,0.0258,0.042,0.0,0.958
2020-12-11,0.7506,0.236,0.0,0.764
2020-12-11,0.0,0.0,0.0,1.0
2020-12-11,0.0,0.0,0.0,1.0
2020-12-11,0.0,0.0,0.0,1.0
2020-12-11,0.5574,0.248,0.138,0.613
2020-12-11,0.0,0.0,0.0,1.0
2020-12-11,0.4767,0.107,0.0,0.893
2020-12-11,0.0,0.0,0.0,1.0
2020-12-11,0.0,0.0,0.0,1.0
2020-12-11,0.0,0.0,0.0,1.0
2020-12-11,0.0,0.0,0.0,1.0
2020-12-11,0.1531,0.099,0.079,0.822
2020-12-11,0.25,0.091,0.0,0.909
2020-12-11,0.0,0.0,0.0,1.0
2020-12-11,0.1027,0.055,0.0,0.945
2020-12-11,0.802,0.255,0.0,0.745
2020-12-11,0.0,0.0,0.0,1.0
2020-12-11,-0.2617,0.061,0.098,0.841
2020-12-11,0.0,0.0,0.0,1.0
2020-12-11,0.25,0.104,0.062,0.833
2020-12-11,0.0,0.0,0.0,1.0
2020-12-11,0.0,0.0,0.0,1.0
2020-12-11,-0.2023,0.095,0.121,0.784
2020-12-11,-0.0516,0.0,0.043,0.957
2020-12-11,-0.7525,0.062,0.249,0.689
2020-12-18,0.0,0.0,0.0,1.0
2020-12-18,0.5994,0.17,0.0,0.83
2020-12-18,-0.0258,0.0,0.048,0.952
2020-12-18,0.0,0.0,0.0,1.0
2020-12-18,0.3612,0.098,0.0,0.902
2020-12-18,0.0,0.0,0.0,1.0
2020-12-18,-0.2263,0.0,0.079,0.921
2020-12-18,0.0,0.0,0.0,1.0
2020-12-18,0.0,0.0,0.0,1.0
2020-12-18,-0.3818,0.0,0.102,0.898
2020-12-18,0.0,0.0,0.0,1.0
2020-12-18,0.0,0.0,0.0,1.0
2020-12-18,0.0,0.0,0.0,1.0
2020-12-18,0.4939,0.154,0.0,0.846
2020-12-18,0.25,0.103,0.07,0.828
2020-12-18,0.0,0.0,0.0,1.0
2020-12-18,0.4939,0.118,0.0,0.882
2020-12-18,0.0,0.0,0.0,1.0
2020-12-18,0.25,0.087,0.0,0.913
2020-12-18,0.4939,0.138,0.0,0.862
2020-12-18,0.0,0.0,0.0,1.0
2020-12-18,0.0,0.0,0.0,1.0
2020-12-18,-0.4023,0.0,0.098,0.902
2020-12-18,0.1027,0.053,0.0,0.947
2020-12-18,0.6597,0.162,0.0,0.838
2020-12-18,0.2023,0.083,0.054,0.863
2020-12-18,0.0,0.0,0.0,1.0
2020-12-18,0.4215,0.113,0.0,0.887
2020-12-18,0.2944,0.078,0.0,0.922
2020-12-18,0.0,0.0,0.0,1.0
2020-12-18,0.0,0.0,0.0,1.0
2020-12-18,0.0,0.0,0.0,1.0
2020-12-18,0.0,0.0,0.0,1.0
2020-12-18,-0.4939,0.108,0.174,0.719
2020-12-18,0.3818,0.185,0.127,0.688
2020-12-25,0.0,0.0,0.0,1.0
2020-12-25,0.4939,0.122,0.0,0.878
2020-12-25,0.2732,0.136,0.095,0.769
2020-12-25,0.5106,0.136,0.0,0.864
2020-12-25,0.0,0.0,0.0,1.0
2020-12-25,0.2023,0.117,0.09,0.793
2020-12-25,-0.5859,0.0,0.186,0.814
2020-12-25,0.4466,0.123,0.0,0.877
2020-12-25,0.1779,0.082,0.055,0.863
2020-12-25,-0.296,0.0,0.087,0.913
2020-12-25,0.2732,0.08,0.0,0.92
2020-12-25,0.34,0.088,0.0,0.912
2020-12-25,0.2006,0.112,0.084,0.804
2020-12-25,0.0,0.0,0.0,1.0
2020-12-25,0.8462,0.303,0.0,0.697
2020-12-25,-0.3818,0.0,0.115,0.885
2020-12-25,0.3612,0.102,0.0,0.898
2020-12-25,0.0,0.0,0.0,1.0
2020-12-25,0.0,0.0,0.0,1.0
2020-12-25,-0.5719,0.0,0.17,0.83
2020-12-25,0.0,0.0,0.0,1.0
2020-12-25,0.0,0.0,0.0,1.0
2020-12-26,0.0,0.0,0.0,1.0
2020-12-26,0.0,0.0,0.0,1.0
2020-12-28,0.4939,0.132,0.0,0.868
2020-12-28,0.0,0.0,0.0,1.0
2020-12-28,0.128,0.057,0.0,0.943
2020-12-29,0.4019,0.097,0.0,0.903
2020-12-29,0.2263,0.066,0.0,0.934
2020-12-29,0.5719,0.222,0.0,0.778
2020-12-29,0.0,0.0,0.0,1.0
2020-12-30,-0.2732,0.0,0.077,0.923
2020-12-30,-0.2732,0.0,0.077,0.923
2020-12-30,0.4404,0.176,0.0,0.824
2020-12-30,0.4404,0.112,0.0,0.888
2020-12-30,0.4927,0.106,0.0,0.894
2020-12-30,0.0,0.077,0.077,0.845
2020-12-30,0.0,0.0,0.0,1.0
2020-12-31,-0.2732,0.0,0.077,0.923
2020-12-31,-0.3182,0.0,0.078,0.922
2020-12-31,0.0,0.0,0.0,1.0
2020-12-31,0.1531,0.187,0.168,0.645
2020-12-31,-0.0516,0.1,0.106,0.794
2020-12-31,0.2263,0.099,0.07,0.831
2020-12-31,-0.3818,0.0,0.094,0.906
2020-12-31,0.4404,0.104,0.0,0.896
2020-12-31,0.4767,0.163,0.0,0.837
2020-12-31,0.4588,0.11,0.039,0.851
2020-12-31,0.6808,0.228,0.0,0.772
2020-12-31,-0.0258,0.0,0.05,0.95
2020-12-31,0.25,0.15,0.08,0.769
2020-12-31,0.0,0.0,0.0,1.0
2020-12-31,0.34,0.188,0.098,0.714
